file,block,muts,py,diff,rat,mcc,lines,variance,min,max,range,avgmutsperblock,bcharm,colons,indent,ifthenelse,assign,brackets,parens,dots,longstrings,tests,words,numbers,strings,braces,du,arith,comment,empty,idelta,commas,linelen,fdelta,lcc
_home_joshua_ucPython_lib_python2_7_stat_py,S_IFMT,287,209,-78,-0.771958762886598,1,2,0.0353595068551387,-0.574020618556701,-0.197938144329897,0.376082474226804,970,-0.0804123711340206,1,0.5,0,0,0,2,0,0,0,2,1,0,0,0,1,0,0,0,0,42,0,0
_home_joshua_ucPython_lib_python2_7_stat_py,S_IMODE,288,198,-90,-0.890721649484536,1,2,0.0564184929322989,-0.682886597938144,-0.207835051546392,0.475051546391753,970,-0.0927835051546392,1,0.5,0,0,0,2,0,0,0,2,1,0,0,0,1,0,0,1,0,41,0,0
_home_joshua_ucPython_lib_python2_7_stat_py,S_ISBLK,288,192,-96,-0.950103092783505,1,2,0.0612179827824423,-0.722474226804124,-0.227628865979381,0.494845360824742,970,-0.0989690721649484,1,0.5,0,0,0,4,0,0,1,2,0,0,0,0,0,0,0,0,0,52,0,0
_home_joshua_ucPython_lib_python2_7_stat_py,S_ISCHR,288,208,-80,-0.791752577319588,1,2,0.0564184929322988,-0.63340206185567,-0.158350515463918,0.475051546391753,970,-0.0824742268041237,1,0.5,0,0,0,4,0,0,1,2,0,0,0,0,0,0,0,0,0,52,0,0
_home_joshua_ucPython_lib_python2_7_stat_py,S_ISDIR,285,203,-82,-0.811546391752577,1,2,0.0391795089807631,-0.603711340206186,-0.207835051546392,0.395876288659794,970,-0.0845360824742268,1,0.5,0,0,0,4,0,0,1,2,0,0,0,0,0,0,0,1,0,52,0,0
_home_joshua_ucPython_lib_python2_7_stat_py,S_ISFIFO,297,209,-88,-0.870927835051546,1,2,0.0564184929322989,-0.672989690721649,-0.197938144329897,0.475051546391753,970,-0.0907216494845361,1,0.5,0,0,0,4,0,0,1,2,0,0,0,0,0,0,0,0,0,53,0,0
_home_joshua_ucPython_lib_python2_7_stat_py,S_ISLNK,291,212,-79,-0.781855670103093,1,2,0.0372450207248379,-0.583917525773196,-0.197938144329897,0.385979381443299,970,-0.0814432989690722,1,0.5,0,0,0,4,0,0,1,2,0,0,0,0,0,0,0,0,0,52,0,0
_home_joshua_ucPython_lib_python2_7_stat_py,S_ISREG,288,211,-77,-0.762061855670103,1,2,0.0411629716229142,-0.583917525773196,-0.178144329896907,0.405773195876289,970,-0.0793814432989691,1,0.5,0,0,0,4,0,0,1,2,0,0,0,0,0,0,0,0,0,52,0,0
_home_joshua_ucPython_lib_python2_7_stat_py,S_ISSOCK,288,205,-83,-0.821443298969072,1,2,0.0911168455733872,-0.712577319587629,-0.108865979381443,0.603711340206186,970,-0.0855670103092784,1,0.5,0,0,0,4,0,0,1,2,0,0,0,0,0,0,0,0,0,54,0,0
_home_joshua_ucPython_lib_python2_7_ntpath_py,_abspath_split,1093,1071,-22,-0.22,4,7,0.171926530612245,-0.85,0.68,1.53,2700,-0.00814814814814815,2,1,2,4,2,14,1,0,0,11,0,0,0,0,0,0,0,-6,4,231,0,0
_home_joshua_ucPython_lib_python2_7_ntpath_py,abspath,3276,3252,-24,-0.24,3,9,0.00459591836734694,-0.16,0.07,0.23,2700,-0.00888888888888889,10,6.11111111111111,6,6,0,26,4,4,0,29,0,2,0,0,1,2,0,4,3,717,-4,0
_home_joshua_ucPython_lib_python2_7_ntpath_py,basename,471,440,-31,-0.31,1,3,0.174822222222222,-0.64,0.38,1.02,2700,-0.0114814814814815,1,0.666666666666667,0,0,2,4,0,2,0,3,1,1,0,0,0,0,0,1,0,89,0,0
_home_joshua_ucPython_lib_python2_7_ntpath_py,dirname,472,438,-34,-0.34,1,3,0.0390222222222222,-0.3,0.16,0.46,2700,-0.0125925925925926,1,0.666666666666667,0,0,2,4,0,2,0,3,1,1,0,0,0,0,0,0,0,92,0,0
_home_joshua_ucPython_lib_python2_7_ntpath_py,expanduser,3594,3512,-82,-0.82,9,27,0.0670754132231405,-1.13,0.27,1.4,2700,-0.0303703703703704,13,1.25925925925926,6,8,16,10,7,1,3,26,5,21,0,0,7,1,0,-2,4,652,-4,0
_home_joshua_ucPython_lib_python2_7_ntpath_py,expandvars,12632,12581,-51,-0.51,22,82,0.014997734375,-0.92,0.22,1.14,2700,-0.0188888888888889,42,3.3780487804878,14,43,28,34,9,1,9,107,22,56,7,0,56,1,0,0,2,2728,-1,0
_home_joshua_ucPython_lib_python2_7_ntpath_py,isabs,628,609,-19,-0.19,2,4,0.08601875,-0.47,0.29,0.76,2700,-0.00703703703703704,2,0.75,0,1,4,4,0,2,1,6,2,5,0,0,1,0,0,0,0,115,0,0
_home_joshua_ucPython_lib_python2_7_ntpath_py,islink,627,584,-43,-0.43,1,5,0.183355555555556,-0.88,0.13,1.01,2700,-0.0159259259259259,1,0.4,0,0,0,2,0,1,0,6,0,1,0,0,0,0,0,0,0,63,0,0
_home_joshua_ucPython_lib_python2_7_ntpath_py,ismount,1101,1079,-22,-0.22,3,7,0.0422408163265306,-0.43,0.25,0.68,2700,-0.00814814814814815,2,1,1,2,4,12,0,2,1,12,3,6,0,0,2,0,0,1,3,237,0,0
_home_joshua_ucPython_lib_python2_7_ntpath_py,join,3137,3071,-66,-0.66,11,24,0.02484875,-0.47,0.27,0.74,2700,-0.0244444444444444,7,2,5,9,4,10,2,2,2,25,2,9,0,0,7,0,0,0,4,791,0,0
_home_joshua_ucPython_lib_python2_7_ntpath_py,normcase,628,581,-47,-0.47,1,5,0.322155555555555,-1.16,0.12,1.28,2700,-0.0174074074074074,1,0.4,0,0,0,6,1,1,0,4,0,4,0,0,1,0,0,1,1,89,-1,0
_home_joshua_ucPython_lib_python2_7_ntpath_py,normpath,5150,5094,-56,-0.56,15,50,0.0169886134067952,-0.4,0.41,0.81,2700,-0.0207407407407407,17,1.38,13,12,16,32,8,2,7,37,11,32,0,0,7,0,0,0,10,1021,0,0
_home_joshua_ucPython_lib_python2_7_ntpath_py,relpath,3899,3697,-202,-2.02,8,30,0.05227616,-0.61,0.43,1.04,2700,-0.0748148148148148,10,2.43333333333333,8,6,4,38,4,2,2,44,6,5,0,0,14,0,0,0,12,1083,-4,0
_home_joshua_ucPython_lib_python2_7_ntpath_py,split,2042,2018,-24,-0.24,6,18,0.0760388888888889,-0.94,0.25,1.19,2700,-0.00888888888888889,6,0.722222222222222,0,7,10,6,0,1,0,10,10,5,0,0,7,1,0,0,4,314,-1,0
_home_joshua_ucPython_lib_python2_7_ntpath_py,splitdrive,943,927,-16,-0.16,2,6,0.20752,-1,0.28,1.28,2700,-0.00592592592592593,6,0.833333333333333,2,0,6,2,0,1,1,7,6,5,0,0,1,0,0,0,2,156,-1,0
_home_joshua_ucPython_lib_python2_7_ntpath_py,splitext,315,215,-100,-1,1,2,0.0961,-0.81,-0.19,0.62,2700,-0.037037037037037,1,0.5,0,0,0,4,1,0,0,2,0,0,0,0,0,0,0,0,3,72,0,0
_home_joshua_ucPython_lib_python2_7_ntpath_py,splitunc,2826,2784,-42,-0.42,7,29,0.0680346020761246,-1.04,0.18,1.22,2700,-0.0155555555555556,11,1.03448275862069,6,5,8,10,3,1,6,31,15,23,0,0,7,1,0,0,8,539,-1,0
_home_joshua_ucPython_lib_python2_7_ntpath_py,walk,2198,2117,-81,-0.81,4,25,0.0630307692307693,-0.91,0.11,1.02,2700,-0.03,5,0.88,1,3,0,14,7,1,0,17,3,2,0,0,0,0,0,2,9,393,-1,0
_home_joshua_ucPython_lib_python2_7_types_py,_C,298,282,-16,-0.158117647058824,1,2,0.0352555847750865,-0.266823529411765,0.108705882352941,0.375529411764706,1700,-0.00941176470588235,2,0.5,0,0,0,2,0,0,0,3,0,0,0,0,0,0,0,1,0,31,0,0
_home_joshua_ucPython_lib_python2_7_types_py,_f,155,137,-18,-0.177882352941176,1,1,0,-0.177882352941176,-0.177882352941176,0,1700,-0.0105882352941176,1,0,0,0,0,2,0,0,0,2,0,0,0,0,0,0,0,0,0,14,0,0
_home_joshua_ucPython_lib_python2_7_types_py,_g,294,261,-33,-0.326117647058824,1,2,0.00295424221453287,-0.217411764705882,-0.108705882352941,0.108705882352941,1700,-0.0194117647058824,1,0.5,0,0,0,2,0,0,0,2,1,0,0,0,0,0,0,1,0,20,0,0
_home_joshua_ucPython_lib_python2_7_types_py,_m,151,162,11,0.108705882352941,1,1,0,0.108705882352941,0.108705882352941,0,1700,0.00647058823529412,1,1,0,0,0,2,0,0,0,2,0,0,0,0,0,0,0,1,0,22,-1,0
_home_joshua_ucPython_lib_python2_7_site_py,_Helper,1251,30829,29578,295.78,1,12,9877.73444375,-1.39,299.86,301.25,2448.38709677419,12.0806060606061,3,1,0,0,0,12,1,1,0,12,0,6,0,4,5,0,0,0,4,285,0,1
_home_joshua_ucPython_lib_python2_7_site_py,_Printer,8063,8012,-51,-0.51,5,63,0.0132337950138504,-0.75,0.16,0.91,2448.38709677419,-0.0208300395256917,25,2.80952380952381,8,22,2,52,26,1,2,70,4,16,0,25,5,0,0,4,11,1832,-4,0
_home_joshua_ucPython_lib_python2_7_site_py,__call__,3475,3062,-413,-4.13,1,3,0.18067296,-1.39,0.08,1.47,2448.38709677419,-0.168682476943347,13,30,3,7,2,20,5,0,1,34,2,8,0,6,5,0,0,1,6,816,-2,0
_home_joshua_ucPython_lib_python2_7_site_py,__init__,834,830,-4,-0.04,1,6,0.00815555555555555,-0.15,0.11,0.26,2448.38709677419,-0.00163372859025033,1,1.83333333333333,0,7,0,6,5,0,0,3,0,0,0,7,0,0,0,1,4,187,-1,0
_home_joshua_ucPython_lib_python2_7_site_py,__repr__,1252,1264,12,0.12,1,2,0.01955,-0.13,0.35,0.48,2448.38709677419,0.00490118577075099,4,8,2,0,0,18,5,0,1,12,1,6,0,8,4,0,0,2,2,297,1,1
_home_joshua_ucPython_lib_python2_7_site_py,__setup,2780,2752,-28,-0.28,7,20,0.002834,-0.12,0.14,0.26,2448.38709677419,-0.0114361001317523,8,3.3,3,7,0,14,12,0,0,21,0,3,0,8,0,0,0,0,2,592,-1,0
_home_joshua_ucPython_lib_python2_7_site_py,_init_pathinfo,1540,1526,-14,-0.14,4,11,0.0168198347107438,-0.35,0.2,0.55,2448.38709677419,-0.00571805006587615,5,2,1,2,0,10,5,2,0,18,0,1,0,0,0,0,0,0,1,313,0,0
_home_joshua_ucPython_lib_python2_7_site_py,_script,5144,0,-5144,-51.44,9,51,0.05215987654321,-2.78,-1.39,1.39,2448.38709677419,-2.10097496706192,18,1.43137254901961,11,4,8,58,18,1,0,38,8,17,0,0,13,0,0,2,5,1053,-2,1
_home_joshua_ucPython_lib_python2_7_site_py,abs__file__,1400,1308,-92,-0.92,6,12,0.049876,-0.61,0.21,0.82,2448.38709677419,-0.0375757575757576,4,1.58333333333333,2,2,0,16,5,2,0,14,0,6,0,10,0,0,0,1,4,355,0,0
_home_joshua_ucPython_lib_python2_7_site_py,addbuilddir,1261,1237,-24,-0.24,2,9,0.11751875,-0.92,0.29,1.21,2448.38709677419,-0.00980237154150198,2,0.888888888888889,1,3,2,14,9,1,2,12,2,8,0,0,7,0,0,0,3,334,0,0
_home_joshua_ucPython_lib_python2_7_site_py,addpackage,4200,4142,-58,-0.58,9,30,0.0304097502972651,-0.85,0.19,1.04,2448.38709677419,-0.0236890645586298,12,2.03333333333333,6,7,0,26,11,1,0,42,2,7,0,0,0,0,0,0,6,826,0,0
_home_joshua_ucPython_lib_python2_7_site_py,addsitedir,3078,3024,-54,-0.54,7,22,0.0428,-0.89,0.22,1.11,2448.38709677419,-0.0220553359683794,9,1.36363636363636,6,7,0,16,8,1,0,27,2,5,0,0,1,1,0,0,4,639,0,0
_home_joshua_ucPython_lib_python2_7_site_py,addsitepackages,9062,7872,-1190,-11.9,22,75,0.0922407100591716,-0.86,0.31,1.17,2448.38709677419,-0.486034255599473,31,4.76,18,11,38,76,75,2,6,83,22,94,0,0,31,1,0,0,52,3597,-17,0
_home_joshua_ucPython_lib_python2_7_site_py,addusersitepackages,4725,4231,-494,-4.94,10,50,0.124018732782369,-1,0.25,1.25,2448.38709677419,-0.201765480895916,14,2.02,9,9,8,32,24,1,1,31,4,23,0,0,13,0,0,0,16,1350,-4,0
_home_joshua_ucPython_lib_python2_7_site_py,aliasmbcs,1807,0,-1807,-18.07,4,14,0.147590972222222,-2.78,-1.39,1.39,2448.38709677419,-0.738036890645586,5,2.14285714285714,2,3,6,8,8,1,1,20,2,9,0,0,0,0,0,3,3,468,0,0
_home_joshua_ucPython_lib_python2_7_site_py,check_enableusersite,1668,1640,-28,-0.28,9,23,0.0536809917355372,-0.78,0.14,0.92,2448.38709677419,-0.0114361001317523,6,0.739130434782609,6,0,0,22,5,1,2,18,0,13,0,0,0,0,0,0,7,430,-3,0
_home_joshua_ucPython_lib_python2_7_site_py,execsitecustomize,831,0,-831,-8.31,2,6,2.5e-05,-1.39,-1.38,0.01,2448.38709677419,-0.339407114624506,3,1.16666666666667,2,0,0,2,0,2,0,10,0,1,0,0,0,0,0,0,1,149,0,0
_home_joshua_ucPython_lib_python2_7_site_py,execusercustomize,834,0,-834,-8.34,2,6,3.33333333333334e-05,-1.4,-1.38,0.02,2448.38709677419,-0.340632411067194,3,1.16666666666667,2,0,0,2,0,2,0,10,0,1,0,0,0,0,0,1,1,149,0,0
_home_joshua_ucPython_lib_python2_7_site_py,fixclasspath,1667,0,-1667,-16.67,4,13,0.157388429752066,-2.77,-1.39,1.38,2448.38709677419,-0.680856389986825,4,1.23076923076923,2,3,4,10,8,1,1,15,0,5,0,4,0,0,0,0,0,349,0,0
_home_joshua_ucPython_lib_python2_7_site_py,force_global_eggs_after_local_site_packages,1112,0,-1112,-11.12,4,14,0.236583673469388,-2.78,-1.39,1.39,2448.38709677419,-0.454176548089592,3,0.642857142857143,1,3,0,8,4,1,1,14,2,2,0,2,1,0,0,0,3,259,0,0
_home_joshua_ucPython_lib_python2_7_site_py,main,4307,0,-4307,-43.07,11,34,1.24869927159207e-05,-1.39,-1.37,0.0199999999999998,2448.38709677419,-1.75911725955204,9,1.14705882352941,8,7,2,48,14,0,3,39,2,10,0,4,4,0,0,0,2,1017,0,0
_home_joshua_ucPython_lib_python2_7_site_py,makepath,980,925,-55,-0.55,4,7,0.115155102040816,-0.55,0.58,1.13,2448.38709677419,-0.022463768115942,2,1.57142857142857,1,2,0,12,7,0,1,12,0,4,0,4,2,0,0,0,2,247,0,0
_home_joshua_ucPython_lib_python2_7_site_py,removeduppaths,1680,1674,-6,-0.06,3,17,0.0650809917355372,-0.77,0.31,1.08,2448.38709677419,-0.00245059288537549,4,0.941176470588235,1,4,4,10,5,1,0,10,0,1,0,0,0,0,0,-1,1,323,0,0
_home_joshua_ucPython_lib_python2_7_site_py,setBEGINLIBPATH,1390,1374,-16,-0.16,2,15,0.0810098765432099,-0.8,0.27,1.07,2448.38709677419,-0.00653491436100132,3,0.666666666666667,2,4,8,10,6,1,0,6,3,12,0,0,4,0,0,0,2,346,0,0
_home_joshua_ucPython_lib_python2_7_site_py,setcopyright,2642,2296,-346,-3.46,3,20,0.119528531855956,-0.8,0.38,1.18,2448.38709677419,-0.141317523056653,7,1.6,3,6,4,18,23,4,0,37,1,23,0,4,5,0,0,-3,11,824,0,1
_home_joshua_ucPython_lib_python2_7_site_py,setencoding,1807,0,-1807,-18.07,5,18,0.147590972222222,-2.78,-1.39,1.39,2448.38709677419,-0.738036890645586,5,1,4,4,4,8,2,1,1,19,4,5,0,0,0,2,0,-2,0,405,0,0
_home_joshua_ucPython_lib_python2_7_site_py,sethelper,278,0,-278,-2.78,1,2,0,-1.39,-1.39,0,2448.38709677419,-0.113544137022398,1,0.5,0,1,0,4,1,0,0,2,0,0,0,0,0,0,0,-1,0,45,0,0
_home_joshua_ucPython_lib_python2_7_site_py,setquit,3061,3011,-50,-0.5,3,27,0.0275514739229025,-0.69,0.18,0.87,2448.38709677419,-0.0204216073781291,11,1.55555555555556,3,7,0,24,9,1,2,21,0,21,0,6,7,0,0,0,3,608,-1,0
_home_joshua_ucPython_lib_python2_7_site_py,virtual_addsitepackages,417,0,-417,-4.17,1,3,0,-1.39,-1.39,0,2448.38709677419,-0.170316205533597,1,0.666666666666667,0,1,0,6,1,0,0,4,0,0,0,0,0,0,0,0,1,157,0,0
_home_joshua_ucPython_lib_python2_7_site_py,virtual_install_main_packages,8200,7,-8193,-81.93,21,74,6.93478885377761e-05,-1.4,-1.33,0.0699999999999998,2448.38709677419,-3.34628458498024,31,2.08108108108108,18,21,32,76,74,0,6,76,24,58,0,2,24,0,0,-1,30,2594,-4,0
_home_joshua_ucPython_lib_python2_7_sre_constants_py,dump,668,664,-4,-0.04,2,5,0.013696,-0.15,0.19,0.34,6600,-0.000606060606060606,3,2,0,2,2,12,4,0,0,7,1,2,0,0,4,0,0,3,5,182,0,0
_home_joshua_ucPython_lib_python2_7_sre_constants_py,error,268,245,-23,-0.23,1,2,0.007225,-0.2,-0.03,0.17,6600,-0.00348484848484848,1,0.5,0,0,0,2,0,0,0,3,0,0,0,0,0,0,0,0,0,31,0,0
_home_joshua_ucPython_lib_python2_7_sre_constants_py,makedict,929,974,45,0.45,2,7,0.0542244897959184,-0.4,0.35,0.75,6600,0.00681818181818182,2,1.14285714285714,0,4,2,2,0,0,0,6,2,0,2,0,1,0,0,1,0,107,0,0
_home_joshua_ucPython_lib_python2_7_abc_py,ABCMeta,15780,15514,-266,-2.66,7,121,0.0350529539846132,-1.21,0.26,1.47,1860,-0.143010752688172,32,1.77685950413223,19,18,0,114,48,9,1,166,2,25,0,36,11,2,0,1,39,3718,-7,0
_home_joshua_ucPython_lib_python2_7_abc_py,_C,188,171,-17,-0.17,1,1,0,-0.17,-0.17,0,1860,-0.00913978494623656,1,0,0,0,0,0,0,0,0,2,0,0,0,0,0,0,0,0,0,14,0,0
_home_joshua_ucPython_lib_python2_7_abc_py,__instancecheck__,3003,2812,-191,-1.91,9,19,0.0429859375,-0.64,0.07,0.71,1860,-0.102688172043011,5,2.26315789473684,4,3,0,18,7,2,0,40,0,3,0,10,0,0,0,0,4,713,-1,0
_home_joshua_ucPython_lib_python2_7_abc_py,__new__,3008,2980,-28,-0.28,6,18,0.017352734375,-0.44,0.13,0.57,1860,-0.0150537634408602,4,2.5,2,8,0,30,8,0,0,15,0,6,0,12,0,0,0,1,16,780,-1,0
_home_joshua_ucPython_lib_python2_7_abc_py,__subclasscheck__,5631,5590,-41,-0.41,12,38,0.00781788888888889,-0.24,0.17,0.41,1860,-0.0220430107526882,12,2.18421052631579,9,3,0,32,22,2,1,57,0,3,0,8,0,0,0,-2,7,1188,-1,0
_home_joshua_ucPython_lib_python2_7_abc_py,_dump_registry,1505,1486,-19,-0.19,3,8,0.0066234375,-0.22,0.05,0.27,1860,-0.0102150537634409,6,2.5,1,2,0,14,7,2,0,15,0,9,0,6,11,0,0,2,7,423,-1,0
_home_joshua_ucPython_lib_python2_7_abc_py,abstractmethod,941,923,-18,-0.18,1,19,0.32981875,-1.19,0.31,1.5,1860,-0.00967741935483871,1,0.157894736842105,0,1,0,2,1,1,0,7,0,1,0,2,0,0,0,1,0,132,-1,0
_home_joshua_ucPython_lib_python2_7_abc_py,abstractproperty,752,702,-50,-0.5,1,27,0.242288888888889,-1.13,0.01,1.14,1860,-0.0268817204301075,1,0.0740740740740741,0,1,0,2,0,1,0,6,0,1,0,2,0,0,0,0,0,114,-1,0
_home_joshua_ucPython_lib_python2_7_abc_py,register,1882,1840,-42,-0.42,4,13,0.008901,-0.19,0.08,0.27,1860,-0.0225806451612903,4,1.69230769230769,3,1,0,16,4,2,0,32,1,3,0,0,0,2,0,0,5,502,-1,0
_home_joshua_ucPython_lib_python2_7_locale_py,_build_localename,1250,1243,-7,-0.07,3,15,0.0930617283950617,-0.79,0.45,1.24,7492.30769230769,-0.00093429158110883,4,0.733333333333333,3,2,0,3,0,1,0,12,0,5,0,0,2,0,0,1,2,278,0,0
_home_joshua_ucPython_lib_python2_7_locale_py,_format,2750,2638,-112,-1.12,10,23,0.0380580578512397,-0.93,0.06,0.99,7492.30769230769,-0.0149486652977413,9,2.17391304347826,8,15,10,20,2,0,0,36,6,10,0,0,6,0,0,0,11,828,0,0
_home_joshua_ucPython_lib_python2_7_locale_py,_group,3377,3231,-146,-1.46,11,28,0.034362962962963,-0.72,0.17,0.89,7492.30769230769,-0.0194866529774127,10,1.53571428571429,5,13,16,27,5,0,1,36,5,17,0,0,8,0,0,0,3,805,1,0
_home_joshua_ucPython_lib_python2_7_locale_py,_grouping_intervals,1501,1496,-5,-0.05,6,14,0.00613541666666667,-0.15,0.16,0.31,7492.30769230769,-0.00066735112936345,6,1.92857142857143,3,2,0,4,0,0,2,28,1,1,0,0,0,0,0,1,0,363,0,0
_home_joshua_ucPython_lib_python2_7_locale_py,_parse_localename,1625,1619,-6,-0.06,6,29,0.0554333333333333,-0.72,0.35,1.07,7492.30769230769,-0.00080082135523614,7,0.586206896551724,6,2,2,10,2,1,2,22,4,19,0,0,4,0,0,0,5,438,-1,0
_home_joshua_ucPython_lib_python2_7_locale_py,_print_locale,6200,6213,13,0.13,17,55,0.0217024573094544,-0.74,0.57,1.31,7492.30769230769,0.00173511293634497,24,1.49090909090909,2,7,6,52,3,1,1,104,5,68,2,0,4,0,0,3,22,1626,-5,0
_home_joshua_ucPython_lib_python2_7_locale_py,_replace_encoding,1375,1273,-102,-1.02,2,15,0.075297520661157,-0.64,0.36,1,7492.30769230769,-0.0136139630390144,4,2.13333333333333,2,5,2,10,6,0,0,28,0,6,0,0,2,0,0,1,3,462,0,0
_home_joshua_ucPython_lib_python2_7_locale_py,_strip_padding,1250,1292,42,0.42,5,10,0.033416,-0.3,0.44,0.74,7492.30769230769,0.00560574948665298,4,1.3,0,6,6,4,0,0,2,7,7,4,0,0,2,0,0,0,1,232,0,0
_home_joshua_ucPython_lib_python2_7_locale_py,_test,750,748,-2,-0.02,1,8,0.0339472222222222,-0.3,0.31,0.61,7492.30769230769,-0.00026694045174538,1,0.625,0,2,0,12,1,0,0,6,9,7,0,0,1,0,0,0,7,145,0,0
_home_joshua_ucPython_lib_python2_7_locale_py,_unicode,250,234,-16,-0.16,1,2,0,-0.08,-0.08,0,7492.30769230769,-0.00213552361396304,1,1.5,0,0,0,2,0,0,0,2,0,0,0,0,0,0,0,2,0,39,-1,0
_home_joshua_ucPython_lib_python2_7_locale_py,atof,1125,1117,-8,-0.08,3,12,0.0352,-0.39,0.39,0.78,7492.30769230769,-0.00106776180698152,3,0.833333333333333,2,5,4,12,2,0,0,16,0,9,0,0,0,0,0,0,3,293,0,0
_home_joshua_ucPython_lib_python2_7_locale_py,atoi,375,367,-8,-0.08,1,3,0.138288888888889,-0.47,0.44,0.91,7492.30769230769,-0.00106776180698152,1,0.666666666666667,0,0,0,4,0,0,0,8,0,1,0,0,0,0,0,0,1,110,0,0
_home_joshua_ucPython_lib_python2_7_locale_py,currency,4125,4030,-95,-0.95,25,44,0.0287375,-0.63,0.4,1.03,7492.30769230769,-0.0126796714579055,11,1.18181818181818,11,21,12,24,3,1,16,48,10,59,0,0,13,0,0,0,10,1242,-8,0
_home_joshua_ucPython_lib_python2_7_locale_py,format,1000,922,-78,-0.78,3,12,0.127383673469388,-0.74,0.36,1.1,7492.30769230769,-0.0104106776180698,2,1,3,3,0,20,2,1,1,16,0,4,0,0,6,0,0,-5,9,438,0,0
_home_joshua_ucPython_lib_python2_7_locale_py,format_string,3751,3530,-221,-2.21,7,33,0.0588449464922711,-0.74,0.41,1.15,7492.30769230769,-0.0294969199178645,11,2.84848484848485,8,10,12,42,12,1,2,34,6,15,0,0,14,0,0,0,12,1051,-2,0
_home_joshua_ucPython_lib_python2_7_locale_py,getdefaultlocale,2875,2855,-20,-0.2,11,51,0.0425793388429752,-0.84,0.48,1.32,7492.30769230769,-0.0026694045174538,11,0.745098039215686,5,7,4,18,6,1,3,34,5,18,0,0,0,0,0,-1,8,741,-1,0
_home_joshua_ucPython_lib_python2_7_locale_py,getlocale,876,871,-5,-0.05,3,17,0.116291666666667,-0.72,0.43,1.15,7492.30769230769,-0.00066735112936345,2,0.352941176470588,1,2,0,6,0,1,1,17,0,5,0,0,0,0,0,0,1,285,0,0
_home_joshua_ucPython_lib_python2_7_locale_py,getpreferredencoding,2726,2700,-26,-0.26,1,4,0.002749,-0.11,0.1,0.21,7492.30769230769,-0.00347022587268994,7,16,2,5,4,20,1,4,0,27,2,4,0,0,0,0,0,7,4,821,-4,0
_home_joshua_ucPython_lib_python2_7_locale_py,localeconv,3374,2425,-949,-9.49,1,23,0.0700792899408284,-0.64,0.28,0.92,7492.30769230769,-0.126663244353183,21,3.39130434782609,1,1,4,12,2,1,0,13,9,53,2,0,0,0,0,4,17,863,0,0
_home_joshua_ucPython_lib_python2_7_locale_py,normalize,6753,6733,-20,-0.2,20,83,0.0128245639017444,-0.71,0.35,1.06,7492.30769230769,-0.0026694045174538,25,1.36144578313253,35,22,4,44,15,1,2,90,6,55,0,0,12,0,0,0,20,1924,-3,0
_home_joshua_ucPython_lib_python2_7_locale_py,resetlocale,497,476,-21,-0.21,1,9,0.189488888888889,-0.72,0.34,1.06,7492.30769230769,-0.00280287474332649,1,0.222222222222222,0,1,0,8,0,1,0,8,0,1,0,0,0,0,0,0,1,156,-2,0
_home_joshua_ucPython_lib_python2_7_locale_py,setlocale,1500,1486,-14,-0.14,2,7,0.063969,-0.72,0.36,1.08,7492.30769230769,-0.00186858316221766,4,2.14285714285714,2,4,0,18,0,2,0,23,0,12,0,0,0,0,0,-2,7,461,0,0
_home_joshua_ucPython_lib_python2_7_locale_py,str,375,369,-6,-0.06,1,3,0.115266666666667,-0.42,0.41,0.83,7492.30769230769,-0.00080082135523614,1,0.666666666666667,0,0,0,4,0,2,0,6,1,3,0,0,1,0,0,0,2,111,0,0
_home_joshua_ucPython_lib_python2_7_locale_py,strcoll,500,490,-10,-0.1,1,5,0.00175555555555556,-0.09,0.01,0.1,7492.30769230769,-0.0013347022587269,1,1,0,0,0,6,0,1,0,5,0,1,0,0,0,0,0,0,3,86,0,0
_home_joshua_ucPython_lib_python2_7_locale_py,strxfrm,500,488,-12,-0.12,1,5,0.000955555555555556,-0.1,-0.03,0.07,7492.30769230769,-0.00160164271047228,1,1,0,0,0,4,0,1,0,4,0,1,0,0,0,0,0,0,0,73,0,0
_home_joshua_ucPython_lib_python2_7__weakrefset_py,WeakSet,18143,17801,-342,-3.42,2,170,0.007660400600383,-0.75,0.12,0.87,569.444444444444,-0.600585365853659,63,1.70588235294118,32,23,2,210,81,0,4,197,1,4,0,60,1,0,0,-2,34,4638,-28,0
_home_joshua_ucPython_lib_python2_7__weakrefset_py,_IterationGuard,1965,1945,-20,-0.2,2,23,0.00337955555555556,-0.17,0.03,0.2,569.444444444444,-0.0351219512195122,7,1.34782608695652,3,4,0,20,8,0,0,21,0,0,0,6,0,0,0,4,4,449,-2,0
_home_joshua_ucPython_lib_python2_7__weakrefset_py,__contains__,785,760,-25,-0.25,2,6,0.000780555555555556,-0.07,0.01,0.08,569.444444444444,-0.0439024390243902,3,2.16666666666667,0,1,0,4,1,0,0,8,0,0,0,2,0,0,0,0,1,150,-1,0
_home_joshua_ucPython_lib_python2_7__weakrefset_py,__enter__,656,651,-5,-0.05,2,5,0.00032,-0.03,0.01,0.04,569.444444444444,-0.00878048780487805,2,2,1,1,0,6,3,0,0,7,0,0,0,2,0,0,0,0,0,134,-1,0
_home_joshua_ucPython_lib_python2_7__weakrefset_py,__eq__,520,507,-13,-0.13,3,4,0.00176875,-0.08,0.03,0.11,569.444444444444,-0.0228292682926829,2,2,1,0,0,8,2,0,1,10,0,0,0,4,0,0,0,0,2,170,-1,0
_home_joshua_ucPython_lib_python2_7__weakrefset_py,__exit__,918,913,-5,-0.05,3,7,0.00147755102040816,-0.07,0.03,0.1,569.444444444444,-0.00878048780487805,3,2.57142857142857,2,2,0,8,4,0,0,8,0,0,0,2,0,0,0,2,3,200,-1,0
_home_joshua_ucPython_lib_python2_7__weakrefset_py,__gt__,260,240,-20,-0.2,2,2,0.0009,-0.13,-0.07,0.06,569.444444444444,-0.0351219512195122,1,1.5,0,0,0,6,1,0,1,4,0,0,0,2,0,0,0,1,1,87,-1,0
_home_joshua_ucPython_lib_python2_7__weakrefset_py,__iand__,648,637,-11,-0.11,3,5,0.000896,-0.05,0.03,0.08,569.444444444444,-0.0193170731707317,2,2,1,0,0,8,4,0,0,8,0,0,0,2,0,0,0,0,1,184,-1,0
_home_joshua_ucPython_lib_python2_7__weakrefset_py,__init__,2096,2065,-31,-0.31,1,3,0.0071109375,-0.17,0.11,0.28,569.444444444444,-0.0544390243902439,7,14.3333333333333,4,8,2,22,11,0,0,21,0,0,0,4,0,0,0,5,3,556,-2,0
_home_joshua_ucPython_lib_python2_7__weakrefset_py,__ior__,392,383,-9,-0.09,1,3,0.0062,-0.14,0.04,0.18,569.444444444444,-0.0158048780487805,1,1.66666666666667,0,0,0,4,1,0,0,3,0,0,0,2,0,0,0,-1,1,74,-1,0
_home_joshua_ucPython_lib_python2_7__weakrefset_py,__isub__,1040,1011,-29,-0.29,4,8,0.0064484375,-0.19,0.08,0.27,569.444444444444,-0.0509268292682927,4,2.25,4,0,0,10,6,0,0,11,0,0,0,2,0,0,0,0,1,253,-1,0
_home_joshua_ucPython_lib_python2_7__weakrefset_py,__iter__,786,772,-14,-0.14,4,8,0.00542222222222222,-0.14,0.08,0.22,569.444444444444,-0.0245853658536585,4,2.375,1,1,0,6,1,0,0,8,0,0,0,2,0,0,0,2,0,193,-1,0
_home_joshua_ucPython_lib_python2_7__weakrefset_py,__ixor__,1039,1026,-13,-0.13,4,8,0.0036484375,-0.11,0.1,0.21,569.444444444444,-0.0228292682926829,4,2.25,4,0,0,10,7,0,0,11,0,0,0,2,0,0,0,0,2,277,-1,0
_home_joshua_ucPython_lib_python2_7__weakrefset_py,__len__,262,247,-15,-0.15,1,2,2.5e-05,-0.08,-0.07,0.01,569.444444444444,-0.0263414634146341,1,1.5,0,0,0,6,2,0,0,3,0,0,0,2,1,0,0,-3,0,81,-1,0
_home_joshua_ucPython_lib_python2_7__weakrefset_py,__lt__,260,241,-19,-0.19,2,2,0.000625,-0.12,-0.07,0.05,569.444444444444,-0.0333658536585366,1,1.5,0,0,0,6,1,0,1,4,0,0,0,2,0,0,0,1,1,87,-1,0
_home_joshua_ucPython_lib_python2_7__weakrefset_py,__ne__,650,634,-16,-0.16,2,5,0.008176,-0.17,0.11,0.28,569.444444444444,-0.0280975609756098,2,2,1,1,0,4,1,0,0,6,0,0,0,4,0,0,0,0,1,163,-1,0
_home_joshua_ucPython_lib_python2_7__weakrefset_py,__reduce__,393,301,-92,-0.92,1,3,0.0990888888888889,-0.75,-0.05,0.7,569.444444444444,-0.161560975609756,1,2.33333333333333,0,0,0,10,1,0,0,4,0,2,0,6,0,0,0,2,5,119,-1,0
_home_joshua_ucPython_lib_python2_7__weakrefset_py,_commit_removals,655,635,-20,-0.2,2,5,0.00224,-0.1,0.01,0.11,569.444444444444,-0.0351219512195122,2,2,0,2,0,6,4,0,0,6,0,0,0,0,0,0,0,0,0,144,-1,0
_home_joshua_ucPython_lib_python2_7__weakrefset_py,add,524,508,-16,-0.16,2,4,0.00115,-0.09,0,0.09,569.444444444444,-0.0280975609756098,2,2,1,0,0,8,5,0,0,3,0,0,0,0,0,0,0,1,2,139,-1,0
_home_joshua_ucPython_lib_python2_7__weakrefset_py,clear,523,513,-10,-0.1,2,4,0.002525,-0.1,0.04,0.14,569.444444444444,-0.0175609756097561,2,2,1,0,0,6,4,0,0,3,0,0,0,0,0,0,0,0,0,114,-1,0
_home_joshua_ucPython_lib_python2_7__weakrefset_py,copy,262,243,-19,-0.19,1,2,0.000625,-0.12,-0.07,0.05,569.444444444444,-0.0333658536585366,1,1.5,0,0,0,4,1,0,0,3,0,0,0,2,0,0,0,0,0,54,-1,0
_home_joshua_ucPython_lib_python2_7__weakrefset_py,difference,520,509,-11,-0.11,1,4,0.00886875,-0.16,0.08,0.24,569.444444444444,-0.0193170731707317,1,1.75,2,1,0,6,2,0,0,4,0,0,0,0,0,0,0,0,1,120,0,0
_home_joshua_ucPython_lib_python2_7__weakrefset_py,difference_update,259,247,-12,-0.12,1,2,0,-0.06,-0.06,0,569.444444444444,-0.0210731707317073,1,1.5,1,0,0,4,1,0,0,3,0,0,0,2,0,0,0,1,1,67,0,0
_home_joshua_ucPython_lib_python2_7__weakrefset_py,discard,524,507,-17,-0.17,2,4,0.00241875,-0.1,0.02,0.12,569.444444444444,-0.0298536585365854,2,2,1,0,0,8,4,0,0,5,0,0,0,0,0,0,0,0,1,133,-1,0
_home_joshua_ucPython_lib_python2_7__weakrefset_py,intersection,260,243,-17,-0.17,3,2,0.004225,-0.15,-0.02,0.13,569.444444444444,-0.0298536585365854,1,1.5,1,0,0,4,1,0,0,8,0,0,0,2,0,0,0,0,1,103,0,0
_home_joshua_ucPython_lib_python2_7__weakrefset_py,intersection_update,262,246,-16,-0.16,1,2,0,-0.08,-0.08,0,569.444444444444,-0.0280975609756098,1,1.5,0,0,0,4,1,0,0,3,0,0,0,2,0,0,0,1,1,69,0,0
_home_joshua_ucPython_lib_python2_7__weakrefset_py,isdisjoint,260,241,-19,-0.19,1,2,0.000625,-0.12,-0.07,0.05,569.444444444444,-0.0333658536585366,1,1.5,0,0,0,6,1,0,1,6,1,0,0,0,0,0,0,1,1,81,-1,0
_home_joshua_ucPython_lib_python2_7__weakrefset_py,issubset,260,240,-20,-0.2,2,2,0.0036,-0.16,-0.04,0.12,569.444444444444,-0.0351219512195122,1,1.5,0,0,0,6,2,0,0,6,0,0,0,0,0,0,0,0,1,92,0,0
_home_joshua_ucPython_lib_python2_7__weakrefset_py,issuperset,262,244,-18,-0.18,2,2,0.0001,-0.1,-0.08,0.02,569.444444444444,-0.031609756097561,1,1.5,0,0,0,6,2,0,0,6,0,0,0,0,0,0,0,0,1,96,0,0
_home_joshua_ucPython_lib_python2_7__weakrefset_py,pop,1440,1409,-31,-0.31,5,11,0.00286942148760331,-0.07,0.1,0.17,569.444444444444,-0.0544390243902439,6,2.90909090909091,2,2,0,10,4,0,0,14,0,2,0,0,0,0,0,2,0,334,-1,0
_home_joshua_ucPython_lib_python2_7__weakrefset_py,remove,523,504,-19,-0.19,2,4,0.00196875,-0.1,0.01,0.11,569.444444444444,-0.0333658536585366,2,2,1,0,0,8,4,0,0,3,0,0,0,0,0,0,0,-2,1,131,-1,0
_home_joshua_ucPython_lib_python2_7__weakrefset_py,symmetric_difference,520,510,-10,-0.1,1,4,0.010225,-0.15,0.12,0.27,569.444444444444,-0.0175609756097561,1,1.75,2,1,0,6,2,0,0,4,0,0,0,0,0,0,0,0,1,140,0,0
_home_joshua_ucPython_lib_python2_7__weakrefset_py,symmetric_difference_update,260,244,-16,-0.16,1,2,9.99999999999999e-05,-0.09,-0.07,0.02,569.444444444444,-0.0280975609756098,1,1.5,1,0,0,4,1,0,0,3,0,0,0,2,0,0,0,1,1,77,0,0
_home_joshua_ucPython_lib_python2_7__weakrefset_py,union,260,245,-15,-0.15,3,2,0.000625,-0.1,-0.05,0.05,569.444444444444,-0.0263414634146341,1,1.5,0,0,0,6,1,0,0,7,0,0,0,2,0,0,0,0,2,93,0,0
_home_joshua_ucPython_lib_python2_7__weakrefset_py,update,656,628,-28,-0.28,3,5,0.001624,-0.11,0.01,0.12,569.444444444444,-0.0491707317073171,3,2.2,1,0,0,6,3,0,0,5,0,0,0,0,0,0,0,1,1,155,-1,0
_home_joshua_ucPython_lib_python2_7_fnmatch_py,_purge,447,412,-35,-0.35,1,3,0.0937555555555556,-0.49,0.26,0.75,1950,-0.0179487179487179,1,0.666666666666667,0,0,0,4,1,2,0,1,0,1,0,0,0,0,0,1,0,64,0,0
_home_joshua_ucPython_lib_python2_7_fnmatch_py,filter,2962,2931,-31,-0.31,8,21,0.01130475,-0.28,0.24,0.52,1950,-0.0158974358974359,9,1.71428571428571,6,5,6,22,9,2,1,19,0,1,0,0,0,0,0,0,2,575,0,0
_home_joshua_ucPython_lib_python2_7_fnmatch_py,fnmatch,1037,1021,-16,-0.16,1,20,0.158047222222222,-0.99,0.2,1.19,1950,-0.00820512820512821,1,0.25,0,2,0,8,4,1,0,5,0,1,0,0,0,0,0,0,2,178,-1,0
_home_joshua_ucPython_lib_python2_7_fnmatch_py,fnmatchcase,1334,1304,-30,-0.3,3,13,0.0980109375,-0.88,0.26,1.14,1950,-0.0153846153846154,3,0.923076923076923,2,2,4,12,2,1,1,10,0,1,0,0,0,0,0,0,2,286,-1,0
_home_joshua_ucPython_lib_python2_7_fnmatch_py,translate,4883,4832,-51,-0.51,14,36,0.03627021484375,-0.99,0.24,1.23,1950,-0.0261538461538462,15,2.5,10,17,22,12,1,1,13,17,9,37,0,0,17,0,0,0,4,907,-1,0
_home_joshua_ucPython_lib_python2_7_os_py,_Environ,13695,13629,-66,-0.66,2,40,0.00341381913194948,-0.17,0.14,0.31,1684.09090909091,-0.0391902834008097,44,9.05,8,14,30,104,42,0,0,79,0,0,0,22,6,0,0,6,30,3108,-4,0
_home_joshua_ucPython_lib_python2_7_os_py,__contains__,330,326,-4,-0.04,1,2,0.0004,-0.04,0,0.04,1684.09090909091,-0.00237516869095816,1,3.5,0,0,0,4,2,0,0,4,0,0,0,2,0,0,0,0,1,87,0,0
_home_joshua_ucPython_lib_python2_7_os_py,__delitem__,1320,1309,-11,-0.11,1,3,0.0051484375,-0.12,0.11,0.23,1684.09090909091,-0.00653171390013495,3,12.3333333333333,0,0,6,14,5,0,0,9,0,0,0,6,0,0,0,6,3,325,-1,0
_home_joshua_ucPython_lib_python2_7_os_py,__getitem__,330,330,0,0,1,2,0.0004,-0.02,0.02,0.04,1684.09090909091,0,1,3.5,0,0,2,4,2,0,0,2,0,0,0,2,0,0,0,0,1,84,0,0
_home_joshua_ucPython_lib_python2_7_os_py,__init__,1320,1319,-1,-0.01,1,3,0.0051859375,-0.09,0.14,0.23,1684.09090909091,-0.000593792172739541,3,10.3333333333333,0,3,2,12,8,0,0,8,0,0,0,8,0,0,0,5,3,326,0,0
_home_joshua_ucPython_lib_python2_7_os_py,__setitem__,990,982,-8,-0.08,1,3,0.000722222222222222,-0.06,0.02,0.08,1684.09090909091,-0.00475033738191633,2,7.33333333333333,0,2,4,10,3,0,0,2,0,0,0,4,0,0,0,-1,6,238,0,0
_home_joshua_ucPython_lib_python2_7_os_py,_execvpe,5281,5200,-81,-0.81,10,33,0.0084171875,-0.23,0.22,0.45,1684.09090909091,-0.0480971659919028,11,1.78787878787879,7,16,4,20,8,0,2,30,1,4,0,0,2,0,0,1,13,835,-1,0
_home_joshua_ucPython_lib_python2_7_os_py,_exists,330,300,-30,-0.3,1,2,0.0025,-0.2,-0.1,0.1,1684.09090909091,-0.0178137651821862,1,0.5,0,0,0,4,0,0,0,5,0,0,0,0,0,0,0,1,0,46,0,0
_home_joshua_ucPython_lib_python2_7_os_py,_get_exports_list,830,796,-34,-0.34,4,5,0.020256,-0.2,0.18,0.38,1684.09090909091,-0.0201889338731444,3,1.2,1,0,4,6,1,0,1,12,1,2,0,2,0,0,0,0,0,153,0,0
_home_joshua_ucPython_lib_python2_7_os_py,_make_stat_result,330,215,-115,-1.15,1,2,0.180625,-1,-0.15,0.85,1684.09090909091,-0.0682860998650472,1,0.5,0,0,0,4,0,0,0,2,0,0,0,0,0,0,0,1,2,66,0,0
_home_joshua_ucPython_lib_python2_7_os_py,_make_statvfs_result,330,217,-113,-1.13,1,2,0.140625,-0.94,-0.19,0.75,1684.09090909091,-0.0670985155195681,1,0.5,0,0,0,4,0,0,0,2,0,0,0,0,0,0,0,0,2,72,0,0
_home_joshua_ucPython_lib_python2_7_os_py,_pickle_stat_result,495,471,-24,-0.24,1,3,0.305,-0.78,0.57,1.35,1684.09090909091,-0.014251012145749,1,0.666666666666667,0,1,0,8,1,0,0,2,0,0,0,2,0,0,0,0,2,98,0,0
_home_joshua_ucPython_lib_python2_7_os_py,_pickle_statvfs_result,495,473,-22,-0.22,1,3,0.269088888888889,-0.72,0.55,1.27,1684.09090909091,-0.0130634278002699,1,0.666666666666667,0,1,0,8,1,0,0,2,0,0,0,2,0,0,0,0,2,104,0,0
_home_joshua_ucPython_lib_python2_7_os_py,_spawnvef,3793,3740,-53,-0.53,9,26,0.00892816635160681,-0.33,0.11,0.44,1684.09090909091,-0.0314709851551957,13,3.26923076923077,9,2,0,22,0,0,1,26,3,1,0,0,1,1,0,4,11,758,-1,0
_home_joshua_ucPython_lib_python2_7_os_py,clear,1321,1328,7,0.07,2,4,0.0032109375,-0.06,0.1,0.16,1684.09090909091,0.00415654520917679,4,10.5,0,0,4,12,6,0,0,8,0,0,0,0,0,0,0,2,0,318,0,0
_home_joshua_ucPython_lib_python2_7_os_py,copy,660,650,-10,-0.1,1,2,0.001125,-0.08,0.01,0.09,1684.09090909091,-0.00593792172739541,2,7,0,0,0,8,0,0,0,4,0,0,0,0,0,0,0,-2,0,120,-6,0
_home_joshua_ucPython_lib_python2_7_os_py,execl,664,616,-48,-0.48,1,6,0.265622222222222,-1.09,0.1,1.19,1684.09090909091,-0.028502024291498,1,0.333333333333333,0,0,0,6,0,1,0,4,0,1,0,0,2,0,0,0,3,69,-1,0
_home_joshua_ucPython_lib_python2_7_os_py,execle,830,818,-12,-0.12,1,7,0.24036875,-1.01,0.24,1.25,1684.09090909091,-0.00712550607287449,2,0.428571428571429,0,1,4,6,0,1,0,4,2,1,0,0,4,0,0,0,5,105,-1,0
_home_joshua_ucPython_lib_python2_7_os_py,execlp,663,616,-47,-0.47,1,6,0.261622222222222,-1.09,0.07,1.16,1684.09090909091,-0.0279082321187584,1,0.333333333333333,0,0,0,6,0,1,0,4,0,1,0,0,2,0,0,0,3,72,-1,0
_home_joshua_ucPython_lib_python2_7_os_py,execlpe,829,810,-19,-0.19,1,8,0.260025,-1.07,0.2,1.27,1684.09090909091,-0.0112820512820513,2,0.375,0,1,4,6,0,1,0,4,2,1,0,0,4,0,0,0,5,108,-1,0
_home_joshua_ucPython_lib_python2_7_os_py,execvp,663,634,-29,-0.29,1,7,0.281088888888889,-1.01,0.27,1.28,1684.09090909091,-0.0172199730094467,1,0.285714285714286,0,0,0,6,0,1,0,4,0,1,0,0,0,0,0,0,3,72,-1,0
_home_joshua_ucPython_lib_python2_7_os_py,execvpe,662,626,-36,-0.36,1,8,0.205266666666667,-0.93,0.14,1.07,1684.09090909091,-0.0213765182186235,1,0.25,0,0,0,6,0,1,0,4,0,1,0,0,0,0,0,0,6,89,-1,0
_home_joshua_ucPython_lib_python2_7_os_py,get,329,330,1,0.01,1,2,0.000625,-0.02,0.03,0.05,1684.09090909091,0.000593792172739541,1,3.5,0,1,0,6,3,0,0,2,0,0,0,0,0,0,0,0,3,103,0,0
_home_joshua_ucPython_lib_python2_7_os_py,getenv,660,623,-37,-0.37,1,4,0.277222222222222,-1.06,0.19,1.25,1684.09090909091,-0.021970310391363,1,0.5,1,1,0,4,1,1,0,7,0,2,0,0,0,0,0,0,3,134,0,0
_home_joshua_ucPython_lib_python2_7_os_py,has_key,330,328,-2,-0.02,1,2,0.0004,-0.03,0.01,0.04,1684.09090909091,-0.00118758434547908,1,3.5,0,0,0,4,2,0,0,3,0,0,0,0,0,0,0,-1,1,82,0,0
_home_joshua_ucPython_lib_python2_7_os_py,makedirs,2489,2455,-34,-0.34,8,22,0.0648392857142857,-0.91,0.19,1.1,1684.09090909091,-0.0201889338731444,7,1.18181818181818,5,4,2,14,5,1,2,18,2,1,0,0,3,1,0,1,7,446,-1,0
_home_joshua_ucPython_lib_python2_7_os_py,pop,990,981,-9,-0.09,1,3,0.00175833333333333,-0.06,0.06,0.12,1684.09090909091,-0.00534412955465587,2,9.33333333333333,0,0,0,14,5,0,0,4,0,0,0,0,4,0,0,-2,6,262,-2,0
_home_joshua_ucPython_lib_python2_7_os_py,popen2,1981,1882,-99,-0.99,1,17,0.0467157024793388,-0.62,0.19,0.81,1684.09090909091,-0.0587854251012146,1,2.47058823529412,0,10,0,8,6,1,0,15,4,7,0,0,1,0,0,2,12,582,-3,0
_home_joshua_ucPython_lib_python2_7_os_py,popen3,1982,1905,-77,-0.77,1,17,0.0434082644628099,-0.64,0.13,0.77,1684.09090909091,-0.0457219973009447,1,2.47058823529412,0,11,0,8,7,1,0,15,4,7,0,0,1,0,0,2,14,605,-3,0
_home_joshua_ucPython_lib_python2_7_os_py,popen4,1980,1898,-82,-0.82,1,17,0.0369239669421488,-0.52,0.14,0.66,1684.09090909091,-0.0486909581646424,1,2.47058823529412,0,11,0,8,7,1,0,15,4,7,0,0,1,0,0,2,13,608,-3,0
_home_joshua_ucPython_lib_python2_7_os_py,removedirs,2158,2118,-40,-0.4,5,21,0.0789576388888889,-0.93,0.26,1.19,1684.09090909091,-0.0237516869095816,5,0.904761904761905,1,3,0,14,3,1,0,9,0,1,0,0,0,0,0,1,3,279,-1,0
_home_joshua_ucPython_lib_python2_7_os_py,renames,2159,2119,-40,-0.4,7,25,0.0914722222222222,-1.01,0.25,1.26,1684.09090909091,-0.0237516869095816,5,0.72,2,2,0,16,3,1,0,12,0,1,0,0,0,0,0,1,5,297,-1,0
_home_joshua_ucPython_lib_python2_7_os_py,spawnl,660,632,-28,-0.28,1,8,0.00606666666666667,-0.24,-0.05,0.19,1684.09090909091,-0.0166261808367072,1,0.625,0,0,0,6,0,1,0,3,0,1,0,0,2,0,0,2,6,120,-3,0
_home_joshua_ucPython_lib_python2_7_os_py,spawnle,825,811,-14,-0.14,1,10,0.01375,-0.19,0.13,0.32,1684.09090909091,-0.00831309041835358,2,0.7,0,1,4,6,0,1,0,3,2,1,0,0,4,0,0,0,8,160,-3,0
_home_joshua_ucPython_lib_python2_7_os_py,spawnlp,660,634,-26,-0.26,1,9,0.00775555555555556,-0.2,0,0.2,1684.09090909091,-0.0154385964912281,1,0.555555555555556,0,0,0,6,0,1,0,3,0,1,0,0,2,0,0,2,6,123,-3,0
_home_joshua_ucPython_lib_python2_7_os_py,spawnlpe,825,810,-15,-0.15,1,10,0.01115,-0.17,0.1,0.27,1684.09090909091,-0.00890688259109312,2,0.7,0,1,4,6,0,1,0,3,2,1,0,0,4,0,0,0,8,163,-3,0
_home_joshua_ucPython_lib_python2_7_os_py,spawnv,660,628,-32,-0.32,1,8,0.00348888888888889,-0.26,-0.13,0.13,1684.09090909091,-0.0190013495276653,1,0.625,0,0,0,6,0,1,0,4,0,1,0,0,0,0,0,-3,8,134,-3,0
_home_joshua_ucPython_lib_python2_7_os_py,spawnve,660,628,-32,-0.32,1,9,0.00275555555555556,-0.19,-0.07,0.12,1684.09090909091,-0.0190013495276653,1,0.555555555555556,0,0,0,6,0,1,0,4,0,1,0,0,0,0,0,0,10,146,-3,0
_home_joshua_ucPython_lib_python2_7_os_py,spawnvp,660,632,-28,-0.28,1,9,0.0042,-0.19,-0.04,0.15,1684.09090909091,-0.0166261808367072,1,0.555555555555556,0,0,0,6,0,1,0,4,0,1,0,0,0,0,0,0,8,137,-3,0
_home_joshua_ucPython_lib_python2_7_os_py,spawnvpe,660,634,-26,-0.26,1,9,0.0106888888888889,-0.22,0.02,0.24,1684.09090909091,-0.0154385964912281,1,0.555555555555556,0,0,0,6,0,1,0,4,0,1,0,0,0,0,0,0,10,149,-3,0
_home_joshua_ucPython_lib_python2_7_os_py,unsetenv,330,324,-6,-0.06,1,2,0.0081,-0.12,0.06,0.18,1684.09090909091,-0.00356275303643725,1,2.5,0,0,0,4,0,0,0,1,0,1,0,0,0,0,0,2,1,53,-2,0
_home_joshua_ucPython_lib_python2_7_os_py,update,3962,3951,-11,-0.11,7,16,0.00279149305555556,-0.14,0.06,0.2,1684.09090909091,-0.00653171390013495,16,7.875,6,8,12,12,4,0,0,22,0,0,0,0,2,0,0,2,6,871,0,0
_home_joshua_ucPython_lib_python2_7_os_py,walk,4152,4099,-53,-0.53,11,89,0.0548164930555556,-1.12,0.18,1.3,1684.09090909091,-0.0314709851551957,12,0.48314606741573,6,7,4,20,5,1,0,48,0,1,0,0,0,0,0,2,19,726,-4,0
_home_joshua_ucPython_lib_python2_7_warnings_py,WarningMessage,1880,0,-1880,-18.7531172069825,2,18,4.87356091932116e-05,-1.35660847880299,-1.32668329177057,0.0299251870324191,1909.52380952381,-0.984538653366584,9,2.22222222222222,2,5,2,18,8,2,0,27,0,14,2,6,6,0,0,8,21,731,-4,0
_home_joshua_ucPython_lib_python2_7_warnings_py,_OptionError,403,0,-403,-4.01995012468828,1,3,2.21115263932164e-05,-1.34663341645885,-1.33665835411471,0.0099750623441397,1909.52380952381,-0.211047381546135,1,0.666666666666667,0,0,0,2,0,2,0,4,0,1,0,0,0,0,0,0,0,92,0,0
_home_joshua_ucPython_lib_python2_7_warnings_py,__enter__,2015,0,-2015,-20.0997506234414,3,15,3.53784422291462e-05,-1.35660847880299,-1.33665835411471,0.0199501246882794,1909.52380952381,-1.05523690773067,6,2.46666666666667,3,6,4,10,15,0,0,17,0,2,0,2,6,0,0,1,2,538,-1,0
_home_joshua_ucPython_lib_python2_7_warnings_py,__exit__,670,0,-670,-6.68329177057357,2,5,3.98007475077895e-05,-1.34663341645885,-1.32668329177057,0.0199501246882794,1909.52380952381,-0.350872817955112,2,2,1,2,0,4,7,0,0,11,0,2,0,2,3,0,0,-1,1,237,-1,0
_home_joshua_ucPython_lib_python2_7_warnings_py,__init__,1749,0,-1749,-17.4463840399002,2,11,0.265181525895079,-2.68329177057357,-1.33665835411471,1.34663341645885,1909.52380952381,-0.915935162094763,3,2.18181818181818,6,9,4,8,7,1,0,26,0,3,0,6,0,0,0,-3,10,552,-2,0
_home_joshua_ucPython_lib_python2_7_warnings_py,__repr__,1076,0,-1076,-10.7331670822943,3,8,4.97509343847369e-05,-1.35660847880299,-1.33665835411471,0.0199501246882794,1909.52380952381,-0.563491271820449,3,2.125,2,3,4,14,6,0,0,10,0,9,0,4,4,0,0,0,2,291,-1,0
_home_joshua_ucPython_lib_python2_7_warnings_py,__str__,536,0,-536,-5.34663341645885,1,4,0,-1.33665835411471,-1.33665835411471,0,1909.52380952381,-0.28069825436409,6,4.25,0,0,0,6,5,0,0,8,0,3,2,2,6,0,0,7,8,243,-1,0
_home_joshua_ucPython_lib_python2_7_warnings_py,_getaction,1077,0,-1077,-10.7431421446384,5,8,4.81962176852138e-05,-1.35660847880299,-1.33665835411471,0.0199501246882794,1909.52380952381,-0.564014962593516,6,1.375,3,0,0,10,1,0,1,18,0,19,0,0,2,1,0,0,6,292,0,0
_home_joshua_ucPython_lib_python2_7_warnings_py,_getcategory,3229,0,-3229,-32.2094763092269,7,24,5.7870010482246e-05,-1.35660847880299,-1.33665835411471,0.0199501246882794,1909.52380952381,-1.69099750623441,17,1.91666666666667,4,6,8,30,2,0,0,53,3,10,0,2,13,0,0,0,10,809,0,0
_home_joshua_ucPython_lib_python2_7_warnings_py,_processoptions,807,0,-807,-8.0498753117207,3,6,0.000157544625551665,-1.36658354114713,-1.32668329177057,0.0399002493765586,1909.52380952381,-0.422618453865337,5,1.83333333333333,0,0,0,4,1,0,0,8,0,2,0,0,2,0,0,2,3,183,0,0
_home_joshua_ucPython_lib_python2_7_warnings_py,_setoption,3363,0,-3363,-33.5461346633416,8,25,4.07559654479764e-05,-1.35660847880299,-1.33665835411471,0.0199501246882794,1909.52380952381,-1.76117206982544,11,2,5,9,2,36,5,0,3,37,5,10,0,0,5,0,0,-2,11,801,0,0
_home_joshua_ucPython_lib_python2_7_warnings_py,_show_warning,1083,1052,-31,-0.309226932668329,3,8,0.0227968109651059,-0.369077306733167,0.169576059850374,0.538653366583541,1909.52380952381,-0.0162344139650873,4,1.25,2,3,0,8,2,2,0,22,0,1,0,0,1,1,0,0,9,368,0,0
_home_joshua_ucPython_lib_python2_7_warnings_py,catch_warnings,4975,0,-4975,-49.6259351620948,2,59,0.0963527361554383,-2.68329177057357,-1.32668329177057,1.35660847880299,1909.52380952381,-2.60536159600997,13,1.25423728813559,10,16,10,32,32,2,0,57,0,17,0,10,13,0,0,-7,7,1427,-4,0
_home_joshua_ucPython_lib_python2_7_warnings_py,filterwarnings,2695,36130,33435,333.516209476309,8,28,6114.84044704798,-1.35660847880299,349.286783042394,350.643391521197,1909.52380952381,17.5096009975062,4,1.10714285714286,2,6,0,30,6,1,2,54,5,21,0,0,2,0,0,1,29,907,-1,2
_home_joshua_ucPython_lib_python2_7_warnings_py,formatwarning,1084,1076,-8,-0.0798004987531172,3,8,0.026616749895834,-0.339152119700748,0.199501246882793,0.538653366583541,1909.52380952381,-0.00418952618453865,5,1.125,3,5,0,8,3,2,0,26,0,5,0,2,7,0,0,1,8,348,0,0
_home_joshua_ucPython_lib_python2_7_warnings_py,resetwarnings,402,0,-402,-4.00997506234414,1,3,6.63345791796492e-05,-1.34663341645885,-1.32668329177057,0.0199501246882794,1909.52380952381,-0.210523690773067,2,0.666666666666667,0,1,4,2,0,2,0,4,0,1,0,0,0,0,0,-1,1,114,0,0
_home_joshua_ucPython_lib_python2_7_warnings_py,simplefilter,1614,0,-1614,-16.0997506234414,4,19,0.148820257840385,-2.68329177057357,-1.32668329177057,1.35660847880299,1909.52380952381,-0.845236907730673,4,0.894736842105263,2,4,0,16,2,1,2,28,5,15,0,0,2,0,0,0,17,498,-1,1
_home_joshua_ucPython_lib_python2_7_warnings_py,warn,4708,0,-4708,-46.9625935162095,13,39,5.89700871237857e-05,-1.36658354114713,-1.32668329177057,0.0399002493765586,1909.52380952381,-2.465536159601,16,1.64102564102564,10,18,6,20,10,2,3,65,4,17,2,16,1,0,0,3,13,1116,0,0
_home_joshua_ucPython_lib_python2_7_warnings_py,warn_explicit,7260,0,-7260,-72.4189526184539,24,64,6.14209066478231e-05,-1.36658354114713,-1.32668329177057,0.0399002493765586,1909.52380952381,-3.80199501246883,22,1.546875,17,22,16,48,8,0,11,97,10,10,2,2,4,1,0,-3,22,1671,-2,0
_home_joshua_ucPython_lib_python2_7_warnings_py,warnpy3k,949,929,-20,-0.199501246882793,3,9,0.11805620335418,-0.84788029925187,0.249376558603491,1.09725685785536,1909.52380952381,-0.0104738154613466,3,1,2,3,0,4,2,1,0,12,5,1,0,0,1,0,0,0,4,254,-1,0
_home_joshua_ucPython_lib_python2_7__abcoll_py,Callable,1586,1564,-22,-0.219672619047619,2,13,0.117446369667659,-0.798809523809524,0.778839285714286,1.57764880952381,960,-0.0229166666666667,5,1.38461538461538,2,1,0,6,0,0,0,12,0,2,0,8,2,0,0,0,4,290,-2,0
_home_joshua_ucPython_lib_python2_7__abcoll_py,Container,1584,1566,-18,-0.179732142857143,2,13,0.113595047654478,-0.778839285714286,0.778839285714286,1.55767857142857,960,-0.01875,5,1.38461538461538,2,1,0,6,0,0,0,16,0,2,0,8,0,0,0,0,3,288,-2,0
_home_joshua_ucPython_lib_python2_7__abcoll_py,Hashable,2598,2568,-30,-0.299553571428571,4,21,0.0837378770486461,-0.868705357142857,0.818779761904762,1.68748511904762,960,-0.03125,10,2.57142857142857,4,1,2,6,3,0,0,22,1,6,0,18,0,0,0,0,3,535,-2,0
_home_joshua_ucPython_lib_python2_7__abcoll_py,ItemsView,2155,2102,-53,-0.52921130952381,2,18,0.0139583643353175,-0.409389880952381,0.0998511904761905,0.509241071428571,960,-0.0552083333333333,8,1.55555555555556,1,2,4,12,3,0,1,21,0,0,0,4,0,0,0,0,5,398,-3,0
_home_joshua_ucPython_lib_python2_7__abcoll_py,Iterable,1731,1711,-20,-0.199702380952381,3,14,0.139508174022195,-0.94858630952381,0.868705357142857,1.81729166666667,960,-0.0208333333333333,6,1.5,2,1,0,6,0,0,0,13,0,2,0,8,0,0,0,0,2,297,-2,0
_home_joshua_ucPython_lib_python2_7__abcoll_py,Iterator,1875,1845,-30,-0.299553571428571,2,16,0.0163724652169793,-0.379434523809524,0.199702380952381,0.579136904761905,960,-0.03125,6,1.375,2,0,0,12,0,0,0,19,0,6,0,6,0,0,0,2,4,412,-3,0
_home_joshua_ucPython_lib_python2_7__abcoll_py,KeysView,1291,1257,-34,-0.339494047619048,1,12,0.0130154977497043,-0.339494047619048,0.0499255952380952,0.389419642857143,960,-0.0354166666666667,5,1.08333333333333,0,0,0,10,2,0,0,16,0,0,0,4,0,0,0,1,3,248,-3,0
_home_joshua_ucPython_lib_python2_7__abcoll_py,Mapping,6630,6534,-96,-0.958571428571429,1,65,0.029534815744765,-0.968556547619048,0.369449404761905,1.33800595238095,960,-0.1,20,1.26153846153846,4,2,20,62,9,1,2,69,1,15,0,10,2,0,0,2,16,1480,-12,0
_home_joshua_ucPython_lib_python2_7__abcoll_py,MappingView,1006,958,-48,-0.479285714285714,1,10,0.00691407026405375,-0.30953869047619,-0.0499255952380952,0.259613095238095,960,-0.05,4,0.9,0,1,0,14,5,0,0,15,2,2,4,10,0,0,0,0,1,234,-3,0
_home_joshua_ucPython_lib_python2_7__abcoll_py,MutableMapping,9596,9422,-174,-1.73741071428571,3,88,0.0246857514169033,-1.0983630952381,0.329508928571429,1.42787202380952,960,-0.18125,28,1.64772727272727,11,14,36,70,10,1,2,92,7,20,2,7,4,0,0,-1,22,2092,-9,0
_home_joshua_ucPython_lib_python2_7__abcoll_py,MutableSequence,5446,5395,-51,-0.509241071428571,1,54,0.0450904815857253,-1.11833333333333,0.31952380952381,1.43785714285714,960,-0.053125,12,1.05555555555556,0,3,16,48,10,1,0,46,4,15,0,6,6,0,0,2,14,1230,-10,0
_home_joshua_ucPython_lib_python2_7__abcoll_py,MutableSet,8510,8415,-95,-0.94858630952381,2,76,0.0255102623206135,-1.02846726190476,0.229657738095238,1.258125,960,-0.0989583333333333,27,1.71052631578947,10,3,0,54,11,11,0,81,0,6,0,8,1,0,0,2,10,1670,-9,0
_home_joshua_ucPython_lib_python2_7__abcoll_py,Sequence,4727,4675,-52,-0.51922619047619,2,43,0.0360371477023378,-0.968556547619048,0.259613095238095,1.22816964285714,960,-0.0541666666666667,15,1.55813953488372,3,3,4,28,2,1,3,43,3,6,0,8,1,0,0,2,7,938,-6,0
_home_joshua_ucPython_lib_python2_7__abcoll_py,Set,11988,11854,-134,-1.33800595238095,3,120,0.0172415554536573,-0.908645833333333,0.329508928571429,1.23815476190476,960,-0.139583333333333,33,1.45833333333333,19,12,0,102,10,2,6,139,12,7,0,30,12,0,0,0,27,2741,-18,0
_home_joshua_ucPython_lib_python2_7__abcoll_py,Sized,1586,1566,-20,-0.199702380952381,2,13,0.127035947243481,-0.828764880952381,0.808794642857143,1.63755952380952,960,-0.0208333333333333,5,1.38461538461538,2,1,0,6,0,0,0,12,1,2,0,8,0,0,0,0,2,263,-2,0
_home_joshua_ucPython_lib_python2_7__abcoll_py,ValuesView,1290,1266,-24,-0.239642857142857,3,11,0.0111100702372641,-0.189717261904762,0.0898660714285714,0.279583333333333,960,-0.025,6,1.63636363636364,1,0,4,6,4,0,1,17,0,0,0,4,0,0,0,0,1,279,-2,0
_home_joshua_ucPython_lib_python2_7__abcoll_py,__and__,576,553,-23,-0.229657738095238,4,4,0.00281036710501258,-0.119821428571429,0,0.119821428571429,960,-0.0239583333333333,2,2,2,0,0,6,1,0,0,13,0,0,0,2,0,0,0,0,2,182,-1,0
_home_joshua_ucPython_lib_python2_7__abcoll_py,__call__,431,500,69,0.688973214285714,1,3,0.154539033712443,-0.119821428571429,0.778839285714286,0.898660714285714,960,0.071875,1,1.33333333333333,0,0,0,2,0,0,0,2,0,0,0,2,2,0,0,1,2,77,-1,0
_home_joshua_ucPython_lib_python2_7__abcoll_py,__contains__,4306,4277,-29,-0.289568452380952,1,2,0.0270558520892877,-0.189717261904762,0.778839285714286,0.968556547619048,960,-0.0302083333333333,16,32.5,4,2,6,12,4,0,3,41,0,0,0,12,0,0,0,3,7,765,-6,0
_home_joshua_ucPython_lib_python2_7__abcoll_py,__delitem__,859,814,-45,-0.449330357142857,1,3,0.000191096654590656,-0.0998511904761905,-0.0599107142857143,0.0399404761904762,960,-0.046875,2,2.66666666666667,0,0,0,4,0,0,0,9,0,0,0,4,0,0,0,0,2,148,-2,0
_home_joshua_ucPython_lib_python2_7__abcoll_py,__eq__,1154,1110,-44,-0.439345238095238,2,4,0.00219345725269274,-0.139791666666667,-0.00998511904761905,0.129806547619048,960,-0.0458333333333333,4,4,2,0,0,22,3,0,2,16,0,0,0,6,0,0,0,1,4,319,-2,0
_home_joshua_ucPython_lib_python2_7__abcoll_py,__ge__,578,555,-23,-0.229657738095238,2,4,0.00460501394812482,-0.129806547619048,0.0199702380952381,0.149776785714286,960,-0.0239583333333333,2,2,1,0,0,6,1,0,0,7,0,0,0,4,0,0,0,0,2,132,-1,0
_home_joshua_ucPython_lib_python2_7__abcoll_py,__getitem__,1149,1213,64,0.639047619047619,1,3,0.0343530855585869,-0.139791666666667,0.369449404761905,0.509241071428571,960,0.0666666666666667,2,2.66666666666667,0,0,0,4,0,0,0,7,0,0,0,4,0,0,0,2,2,148,-2,0
_home_joshua_ucPython_lib_python2_7__abcoll_py,__gt__,577,560,-17,-0.169747023809524,2,4,0.00644951209243463,-0.159761904761905,0.0499255952380952,0.2096875,960,-0.0177083333333333,2,2,1,0,0,6,1,0,0,7,0,0,0,4,0,0,0,0,2,132,-1,0
_home_joshua_ucPython_lib_python2_7__abcoll_py,__hash__,433,503,70,0.698958333333333,1,3,0.17396996311256,-0.119821428571429,0.818779761904762,0.938601190476191,960,0.0729166666666667,1,1.33333333333333,0,0,0,2,0,0,0,2,1,0,0,2,0,0,0,1,0,58,-1,0
_home_joshua_ucPython_lib_python2_7__abcoll_py,__iadd__,431,413,-18,-0.179732142857143,1,3,0.00604862454530423,-0.119821428571429,0.0499255952380952,0.169747023809524,960,-0.01875,1,1.66666666666667,0,0,0,4,1,0,0,2,0,0,0,2,0,0,0,0,1,77,-1,0
_home_joshua_ucPython_lib_python2_7__abcoll_py,__iand__,578,553,-25,-0.249627976190476,2,4,0.00634980949003951,-0.149776785714286,0.0399404761904762,0.189717261904762,960,-0.0260416666666667,2,2,0,0,0,6,1,0,0,6,0,0,0,2,1,0,0,0,1,110,-1,0
_home_joshua_ucPython_lib_python2_7__abcoll_py,__init__,287,247,-40,-0.399404761904762,1,2,0.0120640148898101,-0.30953869047619,-0.0898660714285714,0.219672619047619,960,-0.0416666666666667,1,1.5,0,1,0,2,1,0,0,5,0,0,0,2,0,0,0,2,1,63,-1,0
_home_joshua_ucPython_lib_python2_7__abcoll_py,__ior__,575,561,-14,-0.139791666666667,2,4,0.00550856878233064,-0.10983630952381,0.0698958333333333,0.179732142857143,960,-0.0145833333333333,2,2,0,0,0,4,1,0,0,5,0,0,0,2,0,0,0,-1,1,96,-1,0
_home_joshua_ucPython_lib_python2_7__abcoll_py,__isub__,1010,989,-21,-0.2096875,3,7,0.00495664366192906,-0.10983630952381,0.0599107142857143,0.169747023809524,960,-0.021875,4,2.42857142857143,2,0,0,6,2,0,0,9,0,0,0,2,0,0,0,0,1,168,-1,0
_home_joshua_ucPython_lib_python2_7__abcoll_py,__iter__,3445,3422,-23,-0.229657738095238,1,2,0.0377746503876571,-0.169747023809524,0.868705357142857,1.03845238095238,960,-0.0239583333333333,13,26.5,0,3,6,14,5,0,0,29,2,0,0,12,0,0,0,5,1,581,-6,0
_home_joshua_ucPython_lib_python2_7__abcoll_py,__ixor__,1732,1704,-28,-0.279583333333333,5,12,0.00321263941050957,-0.149776785714286,0.0399404761904762,0.189717261904762,960,-0.0291666666666667,7,3.16666666666667,5,1,0,12,4,0,0,17,0,0,0,2,0,0,0,0,2,344,-1,0
_home_joshua_ucPython_lib_python2_7__abcoll_py,__le__,1445,1469,24,0.239642857142857,5,9,0.0140026766030486,-0.0898660714285714,0.329508928571429,0.419375,960,0.025,5,2.44444444444444,3,0,0,8,0,0,1,15,0,0,0,2,0,0,0,1,2,262,-1,0
_home_joshua_ucPython_lib_python2_7__abcoll_py,__len__,721,787,66,0.659017857142857,1,2,0.121015030683107,-0.129806547619048,0.808794642857143,0.938601190476191,960,0.06875,2,3.5,0,0,0,6,1,0,0,5,1,0,0,4,0,0,0,1,0,112,-2,0
_home_joshua_ucPython_lib_python2_7__abcoll_py,__lt__,578,557,-21,-0.2096875,3,4,0.00136467937028327,-0.0998511904761905,0,0.0998511904761905,960,-0.021875,2,2,1,0,0,10,1,0,1,8,0,0,0,4,0,0,0,0,2,159,-1,0
_home_joshua_ucPython_lib_python2_7__abcoll_py,__ne__,578,534,-44,-0.439345238095238,1,2,0.000299107807185374,-0.119821428571429,-0.0798809523809524,0.0399404761904762,960,-0.0458333333333333,2,3,0,0,0,8,0,0,2,6,0,0,0,4,0,0,0,0,2,124,-2,0
_home_joshua_ucPython_lib_python2_7__abcoll_py,__or__,721,701,-20,-0.199702380952381,4,5,0.0127220520656179,-0.189717261904762,0.0998511904761905,0.289568452380952,960,-0.0208333333333333,2,2,1,1,0,10,1,0,0,15,0,0,0,2,0,0,0,0,3,198,-1,0
_home_joshua_ucPython_lib_python2_7__abcoll_py,__repr__,288,261,-27,-0.269598214285714,1,2,0.00201897769850128,-0.179732142857143,-0.0898660714285714,0.0898660714285714,960,-0.028125,1,1.5,0,0,0,6,3,0,0,5,2,2,4,6,0,0,0,0,0,91,-1,0
_home_joshua_ucPython_lib_python2_7__abcoll_py,__reversed__,429,413,-16,-0.159761904761905,2,3,0.00966007436539431,-0.179732142857143,0.0599107142857143,0.239642857142857,960,-0.0166666666666667,2,2,0,0,2,8,0,0,0,4,0,0,0,2,0,0,0,1,0,96,-1,0
_home_joshua_ucPython_lib_python2_7__abcoll_py,__setitem__,1146,1210,64,0.639047619047619,1,3,0.0323922677114828,-0.10983630952381,0.329508928571429,0.439345238095238,960,0.0666666666666667,2,2.66666666666667,0,0,0,4,0,0,0,7,0,0,0,4,0,0,0,2,4,162,-2,0
_home_joshua_ucPython_lib_python2_7__abcoll_py,__sub__,1009,982,-27,-0.269598214285714,5,7,0.00730474168568363,-0.169747023809524,0.0698958333333333,0.239642857142857,960,-0.028125,3,3.28571428571429,3,1,0,10,2,0,0,18,0,0,0,2,0,0,0,6,3,312,-1,0
_home_joshua_ucPython_lib_python2_7__abcoll_py,__subclasshook__,6203,6117,-86,-0.858720238095238,3,6,0.00387260221677289,-0.159761904761905,0.0898660714285714,0.249627976190476,960,-0.0895833333333333,23,19,14,0,2,26,3,0,0,62,0,18,0,34,0,0,0,-1,14,1315,-6,0
_home_joshua_ucPython_lib_python2_7__abcoll_py,__xor__,869,864,-5,-0.0499255952380952,3,6,0.00619540893216372,-0.149776785714286,0.10983630952381,0.259613095238095,960,-0.00520833333333333,3,2.5,2,1,0,12,1,0,0,13,0,0,0,2,2,0,0,-6,3,243,-1,0
_home_joshua_ucPython_lib_python2_7__abcoll_py,_from_iterable,1583,1503,-80,-0.798809523809524,1,3,0.027343438706863,-0.409389880952381,0.0998511904761905,0.509241071428571,960,-0.0833333333333333,3,4.66666666666667,0,0,0,12,0,0,0,16,0,3,0,0,0,0,0,4,3,282,-5,0
_home_joshua_ucPython_lib_python2_7__abcoll_py,_hasattr,721,794,73,0.72891369047619,3,6,0.151890932592829,-0.249627976190476,0.788824404761905,1.03845238095238,960,0.0760416666666667,3,1,0,0,0,6,2,0,0,9,0,0,0,4,0,0,0,0,2,144,0,0
_home_joshua_ucPython_lib_python2_7__abcoll_py,_hash,2742,2708,-34,-0.339494047619048,4,31,0.00636496490105173,-0.159761904761905,0.149776785714286,0.30953869047619,960,-0.0354166666666667,4,1.29032258064516,2,8,0,12,1,1,2,7,12,1,0,0,10,0,0,1,0,463,-3,0
_home_joshua_ucPython_lib_python2_7__abcoll_py,add,724,762,38,0.379434523809524,1,4,0.0164260037445968,-0.10983630952381,0.229657738095238,0.339494047619048,960,0.0395833333333333,1,1.5,0,0,0,2,0,2,0,3,0,1,0,0,0,0,0,1,1,106,-1,0
_home_joshua_ucPython_lib_python2_7__abcoll_py,append,430,414,-16,-0.159761904761905,1,3,0.00440907063925107,-0.10983630952381,0.0399404761904762,0.149776785714286,960,-0.0166666666666667,1,1.66666666666667,0,0,0,8,2,0,0,2,0,2,0,0,0,0,0,0,2,135,-1,0
_home_joshua_ucPython_lib_python2_7__abcoll_py,clear,2013,1948,-65,-0.649032738095238,3,7,0.00532137205946632,-0.189717261904762,0.0798809523809524,0.269598214285714,960,-0.0677083333333333,8,4.85714285714286,0,0,0,12,3,2,0,16,0,3,0,0,0,0,0,2,0,368,-2,0
_home_joshua_ucPython_lib_python2_7__abcoll_py,count,431,413,-18,-0.179732142857143,3,3,0.00604862454530423,-0.119821428571429,0.0499255952380952,0.169747023809524,960,-0.01875,1,1.66666666666667,1,0,0,6,1,0,1,7,1,2,0,0,0,0,0,0,1,152,-1,0
_home_joshua_ucPython_lib_python2_7__abcoll_py,discard,576,567,-9,-0.0898660714285714,1,4,0.0166690288379349,-0.179732142857143,0.10983630952381,0.289568452380952,960,-0.009375,1,1.5,1,0,0,2,0,2,0,8,0,1,0,0,0,0,0,0,1,151,-1,0
_home_joshua_ucPython_lib_python2_7__abcoll_py,extend,573,556,-17,-0.169747023809524,2,4,0.0087426719475225,-0.169747023809524,0.0898660714285714,0.259613095238095,960,-0.0177083333333333,2,2,0,0,0,6,2,0,0,5,0,2,0,0,0,0,0,0,1,166,-1,0
_home_joshua_ucPython_lib_python2_7__abcoll_py,get,864,836,-28,-0.279583333333333,2,6,0.00630342008475844,-0.129806547619048,0.0798809523809524,0.2096875,960,-0.0291666666666667,3,2.16666666666667,2,1,6,4,1,0,0,12,0,2,0,0,0,0,0,1,4,197,-1,0
_home_joshua_ucPython_lib_python2_7__abcoll_py,index,1004,991,-13,-0.129806547619048,3,8,0.00527592937674202,-0.149776785714286,0.0599107142857143,0.2096875,960,-0.0135416666666667,3,1.75,1,0,0,6,1,0,1,12,0,3,0,0,0,0,0,-1,2,205,-1,0
_home_joshua_ucPython_lib_python2_7__abcoll_py,insert,572,564,-8,-0.0798809523809524,1,4,0.0080759107940051,-0.10983630952381,0.129806547619048,0.239642857142857,960,-0.00833333333333333,1,1.5,0,0,0,4,1,0,0,10,0,2,0,0,0,0,0,0,3,141,-1,0
_home_joshua_ucPython_lib_python2_7__abcoll_py,isdisjoint,866,857,-9,-0.0898660714285714,3,6,0.00623972119989489,-0.10983630952381,0.119821428571429,0.229657738095238,960,-0.009375,3,2.33333333333333,2,0,0,2,0,0,0,12,0,2,0,0,0,0,0,0,1,194,-1,0
_home_joshua_ucPython_lib_python2_7__abcoll_py,items,435,422,-13,-0.129806547619048,2,3,0.0135817100596025,-0.199702380952381,0.0798809523809524,0.279583333333333,960,-0.0135416666666667,1,1.66666666666667,0,0,4,8,1,0,0,5,1,2,0,0,1,0,0,0,3,135,-1,0
_home_joshua_ucPython_lib_python2_7__abcoll_py,iteritems,576,553,-23,-0.229657738095238,2,4,0.00779549722476881,-0.159761904761905,0.0798809523809524,0.239642857142857,960,-0.0239583333333333,2,2,0,0,2,8,1,0,0,5,0,2,0,0,0,0,0,0,2,153,-1,0
_home_joshua_ucPython_lib_python2_7__abcoll_py,iterkeys,434,415,-19,-0.189717261904762,1,3,0.00460847584404132,-0.129806547619048,0.0299553571428571,0.159761904761905,960,-0.0197916666666667,1,1.66666666666667,0,0,0,6,1,0,0,3,0,2,0,0,0,0,0,-1,0,104,-1,0
_home_joshua_ucPython_lib_python2_7__abcoll_py,itervalues,578,566,-12,-0.119821428571429,2,4,0.00992040893831491,-0.149776785714286,0.119821428571429,0.269598214285714,960,-0.0125,2,2,0,0,2,4,1,0,0,5,0,2,0,0,0,0,0,1,0,136,-1,0
_home_joshua_ucPython_lib_python2_7__abcoll_py,keys,435,420,-15,-0.149776785714286,1,3,0.00923910782194822,-0.149776785714286,0.0798809523809524,0.229657738095238,960,-0.015625,1,1.66666666666667,0,0,0,6,1,0,0,4,0,2,0,0,0,0,0,-1,0,82,-1,0
_home_joshua_ucPython_lib_python2_7__abcoll_py,next,577,566,-11,-0.10983630952381,1,4,0.0458320400385089,-0.379434523809524,0.199702380952381,0.579136904761905,960,-0.0114583333333333,1,1.5,0,0,0,2,0,0,0,5,0,2,0,0,0,0,0,2,1,150,-1,0
_home_joshua_ucPython_lib_python2_7__abcoll_py,pop,3874,3800,-74,-0.73889880952381,1,7,0.00754932152919501,-0.199702380952381,0.129806547619048,0.329508928571429,960,-0.0770833333333333,9,8,4,5,12,18,4,2,0,40,1,7,0,2,0,0,0,1,5,762,-3,0
_home_joshua_ucPython_lib_python2_7__abcoll_py,popitem,1432,1402,-30,-0.299553571428571,2,11,0.00464047914851383,-0.139791666666667,0.0698958333333333,0.2096875,960,-0.03125,3,1.72727272727273,0,2,4,12,1,0,0,9,0,3,0,0,0,0,0,-1,4,268,-1,0
_home_joshua_ucPython_lib_python2_7__abcoll_py,remove,1295,1244,-51,-0.509241071428571,1,5,0.00879719680820733,-0.199702380952381,0.0698958333333333,0.269598214285714,960,-0.053125,3,3,1,0,2,12,3,2,0,13,0,4,0,0,0,0,0,0,3,310,-2,0
_home_joshua_ucPython_lib_python2_7__abcoll_py,reverse,718,695,-23,-0.229657738095238,2,5,0.0137031256731859,-0.159761904761905,0.139791666666667,0.299553571428571,960,-0.0239583333333333,2,2,0,2,8,8,1,0,0,3,3,2,0,0,5,0,0,1,2,170,-1,0
_home_joshua_ucPython_lib_python2_7__abcoll_py,setdefault,1002,967,-35,-0.349479166666667,2,7,0.00535545407150956,-0.159761904761905,0.0898660714285714,0.249627976190476,960,-0.0364583333333333,3,2.14285714285714,1,3,8,6,2,0,0,14,0,2,0,0,0,0,0,-1,5,235,-1,0
_home_joshua_ucPython_lib_python2_7__abcoll_py,update,3008,2927,-81,-0.808794642857143,10,25,0.00666611599613804,-0.179732142857143,0.119821428571429,0.299553571428571,960,-0.084375,10,2.24,7,6,18,34,3,0,2,28,7,9,2,0,4,0,0,0,6,803,-2,0
_home_joshua_ucPython_lib_python2_7__abcoll_py,values,432,418,-14,-0.139791666666667,2,3,0.00680193309673406,-0.10983630952381,0.0698958333333333,0.179732142857143,960,-0.0145833333333333,1,1.66666666666667,0,0,4,4,1,0,0,5,0,2,0,0,0,0,0,0,0,105,-1,0
_home_joshua_ucPython_lib_python2_7_posixpath_py,_joinrealpath,4897,0,-4897,-48.97,12,40,1.60249739854319e-05,-1.59,-1.57,0.02,1862.5,-2.62926174496644,13,1.95,10,12,8,22,2,0,3,39,1,0,0,0,0,2,0,0,16,967,-2,0
_home_joshua_ucPython_lib_python2_7_posixpath_py,_unicode,316,283,-33,-0.33,1,2,0.002025,-0.21,-0.12,0.09,1862.5,-0.0177181208053691,1,1.5,0,0,0,2,0,0,0,2,0,0,0,0,0,0,0,2,0,39,-1,0
_home_joshua_ucPython_lib_python2_7_posixpath_py,abspath,1423,0,-1423,-14.23,3,9,9.87654320987656e-06,-1.59,-1.58,0.01,1862.5,-0.764026845637584,4,1.66666666666667,3,3,0,14,2,2,0,11,0,1,0,0,0,0,0,0,2,240,0,0
_home_joshua_ucPython_lib_python2_7_posixpath_py,basename,633,615,-18,-0.18,1,4,0.086675,-0.42,0.34,0.76,1862.5,-0.00966442953020134,2,0.75,0,1,2,4,1,2,0,4,1,3,0,0,2,0,0,0,0,107,0,0
_home_joshua_ucPython_lib_python2_7_posixpath_py,dirname,1107,1085,-22,-0.22,3,7,0.0348122448979592,-0.39,0.24,0.63,1862.5,-0.0118120805369128,3,1,1,3,2,8,2,2,1,6,1,7,0,0,4,0,0,0,0,194,0,0
_home_joshua_ucPython_lib_python2_7_posixpath_py,expanduser,3636,0,-3636,-36.36,7,23,0.106765289256198,-3.15,-1.58,1.57,1862.5,-1.95221476510067,11,1.69565217391304,6,7,6,18,9,1,2,26,4,13,0,0,7,0,0,-2,2,616,0,0
_home_joshua_ucPython_lib_python2_7_posixpath_py,expandvars,6322,0,-6322,-63.22,12,40,0.0623476660092044,-3.16,-1.57,1.59,1862.5,-3.39436241610738,16,2.1,11,19,12,32,13,1,0,41,5,11,10,0,4,0,0,1,5,1133,0,0
_home_joshua_ucPython_lib_python2_7_posixpath_py,isabs,474,444,-30,-0.3,1,3,0.0752666666666667,-0.42,0.25,0.67,1862.5,-0.0161073825503356,1,0.666666666666667,0,0,0,4,1,2,0,5,0,3,0,0,1,0,0,0,0,82,0,0
_home_joshua_ucPython_lib_python2_7_posixpath_py,islink,1104,1075,-29,-0.29,2,7,0.0438122448979592,-0.36,0.35,0.71,1862.5,-0.0155704697986577,3,1.14285714285714,0,1,0,8,4,2,0,11,0,1,0,0,0,0,0,0,1,193,0,0
_home_joshua_ucPython_lib_python2_7_posixpath_py,ismount,2843,0,-2843,-28.43,5,19,5.24691358024692e-06,-1.58,-1.57,0.01,1862.5,-1.52644295302013,7,1.21052631578947,4,6,0,11,7,2,2,29,14,4,0,0,4,2,0,-1,1,524,0,0
_home_joshua_ucPython_lib_python2_7_posixpath_py,join,1897,1866,-31,-0.31,5,14,0.0954,-0.95,0.33,1.28,1862.5,-0.0166442953020134,5,1.35714285714286,3,4,0,6,2,1,1,16,0,11,0,0,6,0,0,0,2,284,0,0
_home_joshua_ucPython_lib_python2_7_posixpath_py,lexists,1104,1079,-25,-0.25,2,7,0.0513387755102041,-0.46,0.34,0.8,1862.5,-0.0134228187919463,3,1.14285714285714,0,0,0,4,2,2,0,10,0,1,0,0,0,0,0,0,0,180,0,0
_home_joshua_ucPython_lib_python2_7_posixpath_py,normcase,474,444,-30,-0.3,1,3,0.152866666666667,-0.54,0.41,0.95,1862.5,-0.0161073825503356,1,0.666666666666667,0,0,0,2,0,2,0,4,0,1,0,0,0,0,0,1,0,92,0,0
_home_joshua_ucPython_lib_python2_7_posixpath_py,normpath,3789,0,-3789,-37.89,16,27,1.92708333333334e-05,-1.59,-1.57,0.02,1862.5,-2.03436241610738,8,1.40740740740741,8,8,4,32,7,2,3,41,2,27,0,0,8,0,0,0,7,805,0,0
_home_joshua_ucPython_lib_python2_7_posixpath_py,realpath,788,0,-788,-7.88,1,5,0.46415,-3.15,-1.57,1.58,1862.5,-0.423087248322148,1,0.6,1,1,0,6,0,1,0,6,0,3,2,0,0,0,0,0,4,168,-1,0
_home_joshua_ucPython_lib_python2_7_posixpath_py,relpath,1728,0,-1728,-17.28,7,16,2.64462809917356e-05,-1.58,-1.56,0.02,1862.5,-0.927785234899329,4,0.75,5,5,10,22,0,2,0,26,0,2,0,0,4,0,0,1,2,434,-4,0
_home_joshua_ucPython_lib_python2_7_posixpath_py,samefile,790,774,-16,-0.16,1,5,0.045216,-0.38,0.23,0.61,1862.5,-0.00859060402684564,1,0.8,0,2,0,8,2,2,0,2,8,1,0,0,0,0,0,0,2,155,0,0
_home_joshua_ucPython_lib_python2_7_posixpath_py,sameopenfile,791,795,4,0.04,1,5,0.085056,-0.45,0.41,0.86,1862.5,0.00214765100671141,1,0.8,0,2,0,8,2,2,0,2,8,1,0,0,0,0,0,0,2,166,0,0
_home_joshua_ucPython_lib_python2_7_posixpath_py,samestat,632,30140,29508,295.08,2,4,16588.42925,-1.32,296.85,298.17,1862.5,15.8432214765101,1,1,0,0,0,2,4,2,2,5,6,1,0,0,0,0,0,1,1,156,0,1
_home_joshua_ucPython_lib_python2_7_posixpath_py,split,1264,1246,-18,-0.18,3,8,0.14970612244898,-0.99,0.27,1.26,1862.5,-0.00966442953020134,4,0.875,1,3,4,10,2,1,1,6,1,11,0,0,4,0,0,0,4,226,0,0
_home_joshua_ucPython_lib_python2_7_posixpath_py,splitdrive,632,591,-41,-0.41,1,4,0.157066666666667,-0.86,0.08,0.94,1862.5,-0.0220134228187919,1,0.5,0,0,0,2,0,1,0,5,0,3,0,0,0,0,0,1,2,104,0,0
_home_joshua_ucPython_lib_python2_7_posixpath_py,splitext,315,218,-97,-0.97,1,2,0.140625,-0.86,-0.11,0.75,1862.5,-0.0520805369127517,1,0.5,0,0,0,4,1,0,0,2,0,0,0,0,0,0,0,0,3,72,0,0
_home_joshua_ucPython_lib_python2_7_posixpath_py,walk,2844,0,-2844,-28.44,5,29,0.138208996539792,-3.16,-1.58,1.58,1862.5,-1.52697986577181,7,1.10344827586207,1,4,0,16,11,1,0,20,3,2,0,0,0,0,0,2,9,493,-1,0
_home_joshua_ucPython_lib_python2_7_sre_parse_py,Pattern,2478,2494,16,0.16,2,22,0.0326045351473923,-0.26,0.71,0.97,2433.33333333333,0.00657534246575342,7,2.09090909090909,2,9,4,20,15,0,1,21,3,3,2,2,5,0,0,2,7,707,0,0
_home_joshua_ucPython_lib_python2_7_sre_parse_py,SubPattern,10028,9952,-76,-0.76,3,88,0.00436152249134948,-0.23,0.29,0.52,2433.33333333333,-0.0312328767123288,35,3,18,41,24,68,24,0,4,90,27,9,0,12,24,0,0,0,37,2733,0,0
_home_joshua_ucPython_lib_python2_7_sre_parse_py,Tokenizer,3777,3733,-44,-0.44,2,32,0.0043171875,-0.19,0.19,0.38,2433.33333333333,-0.0180821917808219,13,2.15625,4,11,6,24,21,0,3,41,6,2,0,6,3,0,0,0,7,884,0,0
_home_joshua_ucPython_lib_python2_7_sre_parse_py,__delitem__,236,231,-5,-0.05,1,2,0.001225,-0.06,0.01,0.07,2433.33333333333,-0.00205479452054795,1,1.5,0,0,2,2,1,0,0,5,0,0,0,2,0,0,0,0,1,61,0,0
_home_joshua_ucPython_lib_python2_7_sre_parse_py,__getitem__,472,468,-4,-0.04,2,4,0.0008,-0.05,0.03,0.08,2433.33333333333,-0.00164383561643836,2,2,1,0,4,6,3,0,0,10,0,0,0,2,0,0,0,0,3,161,0,0
_home_joshua_ucPython_lib_python2_7_sre_parse_py,__init__,1770,1745,-25,-0.25,1,4,0.0195155555555556,-0.23,0.29,0.52,2433.33333333333,-0.0102739726027397,4,7,1,11,4,8,10,0,0,12,3,0,2,7,0,0,0,6,3,386,0,0
_home_joshua_ucPython_lib_python2_7_sre_parse_py,__len__,236,232,-4,-0.04,1,2,0.0001,-0.03,-0.01,0.02,2433.33333333333,-0.00164383561643836,1,1.5,0,0,0,4,1,0,0,2,0,0,0,2,0,0,0,0,0,51,0,0
_home_joshua_ucPython_lib_python2_7_sre_parse_py,__next,1534,1517,-17,-0.17,4,13,0.00145207100591716,-0.07,0.04,0.11,2433.33333333333,-0.00698630136986301,5,2.61538461538462,2,6,6,8,10,0,2,18,2,2,0,1,3,0,0,0,1,418,0,0
_home_joshua_ucPython_lib_python2_7_sre_parse_py,__repr__,236,233,-3,-0.03,1,2,2.5e-05,-0.02,-0.01,0.01,2433.33333333333,-0.00123287671232877,1,1.5,0,0,0,4,1,0,0,2,0,0,0,2,0,0,0,-1,0,53,0,0
_home_joshua_ucPython_lib_python2_7_sre_parse_py,__setitem__,236,227,-9,-0.09,1,2,0.000625,-0.07,-0.02,0.05,2433.33333333333,-0.0036986301369863,1,1.5,0,1,2,2,1,0,0,3,0,0,0,2,0,0,0,0,2,70,0,0
_home_joshua_ucPython_lib_python2_7_sre_parse_py,_class_escape,3304,3257,-47,-0.47,14,31,0.0291320153061224,-0.72,0.49,1.21,2433.33333333333,-0.0193150684931507,18,2,7,7,10,30,6,0,6,36,14,8,0,0,11,0,0,0,9,973,0,0
_home_joshua_ucPython_lib_python2_7_sre_parse_py,_escape,4366,4321,-45,-0.45,19,43,0.0223393718042367,-0.67,0.49,1.16,2433.33333333333,-0.0184931506849315,22,2.34883720930233,11,8,16,38,12,0,7,51,20,3,0,0,9,0,0,0,12,1359,0,0
_home_joshua_ucPython_lib_python2_7_sre_parse_py,_parse,29954,29611,-343,-3.43,106,295,0.006954296875,-0.66,0.59,1.25,2433.33333333333,-0.140958904109589,116,4.07118644067797,99,74,71,231,27,0,38,333,71,57,3,0,19,5,0,1,69,10356,-34,0
_home_joshua_ucPython_lib_python2_7_sre_parse_py,_parse_sub,5283,5189,-94,-0.94,19,58,0.0194777283950617,-0.7,0.49,1.19,2433.33333333333,-0.0386301369863014,18,1.6551724137931,11,10,18,31,6,0,4,43,13,3,0,0,0,1,0,0,8,1215,-5,0
_home_joshua_ucPython_lib_python2_7_sre_parse_py,_parse_sub_cond,1520,1492,-28,-0.28,5,13,0.0567360946745562,-0.65,0.53,1.18,2433.33333333333,-0.0115068493150685,5,1.38461538461538,4,4,0,21,5,0,0,15,1,5,0,0,0,0,0,0,10,505,0,0
_home_joshua_ucPython_lib_python2_7_sre_parse_py,append,236,229,-7,-0.07,1,2,0.002025,-0.08,0.01,0.09,2433.33333333333,-0.00287671232876712,1,1.5,0,0,0,4,2,0,0,1,0,0,0,0,0,0,0,0,1,57,0,0
_home_joshua_ucPython_lib_python2_7_sre_parse_py,checkgroup,236,227,-9,-0.09,2,2,0.005625,-0.12,0.03,0.15,2433.33333333333,-0.0036986301369863,1,1.5,0,0,0,2,2,0,1,5,0,0,0,0,0,0,0,0,1,87,-1,0
_home_joshua_ucPython_lib_python2_7_sre_parse_py,closegroup,236,228,-8,-0.08,1,2,0.0016,-0.08,0,0.08,2433.33333333333,-0.00328767123287671,1,1.5,0,0,0,4,2,0,0,1,0,0,0,0,0,0,0,0,1,59,0,0
_home_joshua_ucPython_lib_python2_7_sre_parse_py,dump,3185,3166,-19,-0.19,12,28,0.00272373113854595,-0.11,0.13,0.24,2433.33333333333,-0.00780821917808219,14,3.82142857142857,9,12,4,18,3,0,3,34,16,9,0,0,10,0,0,1,9,896,0,0
_home_joshua_ucPython_lib_python2_7_sre_parse_py,expand_template,1521,1504,-17,-0.17,4,13,0.0543136094674556,-0.63,0.49,1.12,2433.33333333333,-0.00698630136986301,7,1.61538461538462,1,6,6,6,3,0,0,19,1,2,0,0,0,0,0,0,5,392,0,0
_home_joshua_ucPython_lib_python2_7_sre_parse_py,get,474,468,-6,-0.06,1,4,0.000675,-0.05,0.01,0.06,2433.33333333333,-0.00246575342465753,1,1.75,0,1,0,4,2,0,0,4,0,0,0,1,0,0,0,0,0,82,0,0
_home_joshua_ucPython_lib_python2_7_sre_parse_py,getwidth,4129,4117,-12,-0.12,10,36,0.0028290612244898,-0.14,0.09,0.23,2433.33333333333,-0.00493150684931507,10,3.30555555555556,7,23,10,22,7,0,1,23,11,0,0,0,14,0,0,0,16,1129,-1,0
_home_joshua_ucPython_lib_python2_7_sre_parse_py,insert,236,236,0,0,1,2,0.0004,-0.02,0.02,0.04,2433.33333333333,0,1,1.5,0,0,0,4,2,0,0,5,0,0,0,0,0,0,0,0,3,71,0,0
_home_joshua_ucPython_lib_python2_7_sre_parse_py,isdigit,236,211,-25,-0.25,1,2,0.000625,-0.15,-0.1,0.05,2433.33333333333,-0.0102739726027397,1,0.5,0,0,0,2,0,0,2,3,2,1,0,0,0,0,0,0,0,47,0,0
_home_joshua_ucPython_lib_python2_7_sre_parse_py,isident,236,212,-24,-0.24,3,2,0.0025,-0.17,-0.07,0.1,2433.33333333333,-0.00986301369863014,1,0.5,0,0,0,2,0,0,5,5,0,4,0,0,0,0,0,-1,0,84,0,0
_home_joshua_ucPython_lib_python2_7_sre_parse_py,isname,825,800,-25,-0.25,5,8,0.00918367346938776,-0.21,0.12,0.33,2433.33333333333,-0.0102739726027397,5,1.25,2,0,4,8,0,0,0,16,2,0,0,0,0,0,0,0,0,180,0,0
_home_joshua_ucPython_lib_python2_7_sre_parse_py,match,708,705,-3,-0.03,3,6,0.00139166666666667,-0.04,0.07,0.11,2433.33333333333,-0.00123287671232877,3,2.5,2,1,0,4,2,0,1,5,3,0,0,1,0,0,0,0,2,148,0,0
_home_joshua_ucPython_lib_python2_7_sre_parse_py,opengroup,1298,1269,-29,-0.29,3,11,0.0084595041322314,-0.26,0.11,0.37,2433.33333333333,-0.0119178082191781,3,2.81818181818182,2,5,2,12,7,0,0,12,1,3,0,0,5,0,0,0,5,430,0,0
_home_joshua_ucPython_lib_python2_7_sre_parse_py,parse,1989,1955,-34,-0.34,7,27,0.0585709342560554,-0.73,0.66,1.39,2433.33333333333,-0.013972602739726,6,0.777777777777778,5,8,0,17,8,0,1,16,2,2,0,0,3,0,0,0,7,545,-6,0
_home_joshua_ucPython_lib_python2_7_sre_parse_py,parse_template,9475,9373,-102,-1.02,28,86,0.0111764060356653,-0.67,0.44,1.11,2433.33333333333,-0.0419178082191781,40,3.34883720930233,24,30,38,68,9,0,7,111,24,8,0,0,13,1,0,0,17,2670,1,0
_home_joshua_ucPython_lib_python2_7_sre_parse_py,seek,235,234,-1,-0.01,1,2,0.007225,-0.09,0.08,0.17,2433.33333333333,-0.000410958904109589,1,1.5,0,1,0,2,2,0,0,4,0,0,0,0,0,0,0,0,2,63,-1,0
_home_joshua_ucPython_lib_python2_7_sre_parse_py,tell,236,224,-12,-0.12,1,2,0.0064,-0.14,0.02,0.16,2433.33333333333,-0.00493150684931507,1,1.5,0,0,0,2,2,0,0,3,0,0,0,0,0,0,0,0,1,55,0,0
_home_joshua_ucPython_lib_python2_7_linecache_py,checkcache,2959,2862,-97,-0.97,8,23,0.03595475,-0.82,0.19,1.01,2350,-0.0412765957446809,10,1.78260869565217,6,5,8,6,5,1,2,24,0,1,0,2,1,1,0,1,3,624,-1,0
_home_joshua_ucPython_lib_python2_7_linecache_py,clearcache,563,552,-11,-0.11,1,5,0.07891875,-0.41,0.37,0.78,2350,-0.00468085106382979,1,0.6,0,1,0,2,0,2,0,2,0,1,2,0,0,0,0,1,0,82,-1,0
_home_joshua_ucPython_lib_python2_7_linecache_py,getline,848,814,-34,-0.34,2,6,0.164122222222222,-0.71,0.67,1.38,2350,-0.014468085106383,3,1.16666666666667,2,2,2,6,0,0,2,15,2,2,0,0,1,0,0,2,3,186,0,0
_home_joshua_ucPython_lib_python2_7_linecache_py,getlines,986,958,-28,-0.28,2,8,0.0878222222222222,-0.73,0.17,0.9,2350,-0.0119148936170213,3,0.875,2,1,4,4,0,1,0,12,1,1,0,0,0,0,0,1,2,210,0,0
_home_joshua_ucPython_lib_python2_7_linecache_py,updatecache,7754,7538,-216,-2.16,26,73,0.0366793209876543,-0.92,0.36,1.28,2350,-0.0919148936170213,23,2.08219178082192,10,16,28,38,16,1,3,82,3,23,0,8,3,0,0,-2,15,1816,-12,0
_home_joshua_ucPython_lib_python2_7_codecs_py,BufferedIncrementalDecoder,4455,4403,-52,-0.52,1,34,0.0729506925207756,-0.91,0.28,1.19,2490.90909090909,-0.0208759124087591,8,0.852941176470588,0,8,4,26,10,1,0,25,2,3,0,4,1,1,0,0,12,717,-5,0
_home_joshua_ucPython_lib_python2_7_codecs_py,BufferedIncrementalEncoder,4455,4405,-50,-0.5,1,32,0.0755512465373961,-0.89,0.43,1.32,2490.90909090909,-0.0200729927007299,8,0.90625,0,8,2,24,10,1,0,27,1,3,0,4,1,1,0,0,11,720,-5,0
_home_joshua_ucPython_lib_python2_7_codecs_py,Codec,2332,2287,-45,-0.45,1,63,0.16001875,-1.44,-0.1,1.34,2490.90909090909,-0.0180656934306569,3,0.174603174603175,0,2,0,6,0,3,0,20,0,7,0,0,1,0,0,0,4,358,-5,0
_home_joshua_ucPython_lib_python2_7_codecs_py,CodecInfo,2969,2845,-124,-1.24,1,16,0.172195918367347,-1.57,0.24,1.81,2490.90909090909,-0.0497810218978102,3,1.5,0,13,0,14,13,0,1,15,1,2,0,14,4,0,0,2,14,682,-2,0
_home_joshua_ucPython_lib_python2_7_codecs_py,EncodedFile,2530,2424,-106,-1.06,2,35,0.206386776859504,-1.45,0.26,1.71,2490.90909090909,-0.0425547445255474,2,0.428571428571429,1,8,0,8,6,1,0,23,0,3,0,0,0,0,0,0,8,508,0,0
_home_joshua_ucPython_lib_python2_7_codecs_py,IncrementalDecoder,4239,4220,-19,-0.19,1,48,0.0995848888888889,-1.18,0.3,1.48,2490.90909090909,-0.00762773722627737,6,0.458333333333333,0,3,0,14,1,6,0,15,1,3,0,2,0,0,0,0,5,333,0,0
_home_joshua_ucPython_lib_python2_7_codecs_py,IncrementalEncoder,4452,4440,-12,-0.12,1,39,0.0980125,-1.17,0.22,1.39,2490.90909090909,-0.00481751824817518,6,0.615384615384615,0,4,0,12,2,6,0,15,1,2,0,2,0,0,0,0,4,350,0,0
_home_joshua_ucPython_lib_python2_7_codecs_py,StreamReader,28199,28054,-145,-1.45,3,239,0.0256379188712522,-0.6,0.31,0.91,2490.90909090909,-0.0582116788321168,52,1.64853556485356,33,59,36,82,63,9,12,181,36,17,0,10,4,1,0,0,27,4650,-36,0
_home_joshua_ucPython_lib_python2_7_codecs_py,StreamReaderWriter,9070,8942,-128,-1.28,1,84,0.0662574375,-1.39,0.27,1.66,2490.90909090909,-0.0513868613138686,15,0.797619047619048,1,10,0,56,29,5,2,50,4,8,0,10,0,0,0,0,20,1427,-33,0
_home_joshua_ucPython_lib_python2_7_codecs_py,StreamRecoder,11812,11659,-153,-1.53,1,113,0.069389035243859,-1.4,0.25,1.65,2490.90909090909,-0.0614233576642336,15,0.849557522123894,2,24,0,66,40,5,0,56,2,12,0,10,2,0,0,0,31,1922,-29,0
_home_joshua_ucPython_lib_python2_7_codecs_py,StreamWriter,6783,6654,-129,-1.29,1,70,0.0524521262002743,-0.75,0.41,1.16,2490.90909090909,-0.0517883211678832,10,0.685714285714286,1,6,0,34,14,5,2,31,3,10,0,8,0,0,0,0,15,1011,-21,0
_home_joshua_ucPython_lib_python2_7_codecs_py,__enter__,1691,1563,-128,-1.28,1,2,0.005675,-0.28,-0.04,0.24,2490.90909090909,-0.0513868613138686,4,6,0,0,0,8,0,0,0,8,0,0,0,8,0,0,0,0,0,172,-4,0
_home_joshua_ucPython_lib_python2_7_codecs_py,__exit__,1694,1560,-134,-1.34,1,2,0.01029375,-0.31,0.07,0.38,2490.90909090909,-0.0537956204379562,4,6,0,0,0,16,8,0,0,4,0,0,0,8,0,0,0,0,12,268,-4,0
_home_joshua_ucPython_lib_python2_7_codecs_py,__getattr__,4229,3867,-362,-3.62,1,6,0.05208125,-0.75,0.02,0.77,2490.90909090909,-0.145328467153285,4,6.66666666666667,0,4,0,16,4,4,0,16,0,4,0,8,0,0,0,-2,12,696,-12,0
_home_joshua_ucPython_lib_python2_7_codecs_py,__init__,10368,10361,-7,-0.07,1,32,0.0635685733070348,-0.74,0.43,1.17,2490.90909090909,-0.00281021897810219,8,2.25,0,30,0,32,24,6,0,53,0,22,0,20,1,2,0,10,24,1529,-21,0
_home_joshua_ucPython_lib_python2_7_codecs_py,__iter__,1268,1184,-84,-0.84,1,2,0.0051,-0.24,-0.03,0.21,2490.90909090909,-0.0337226277372263,3,4.5,0,0,0,6,0,0,0,6,0,0,0,6,0,0,0,0,0,126,-3,0
_home_joshua_ucPython_lib_python2_7_codecs_py,__new__,2333,2196,-137,-1.37,1,11,0.215879338842975,-1.57,0.24,1.81,2490.90909090909,-0.055,1,1.90909090909091,0,13,0,6,8,0,0,8,0,0,0,4,0,0,0,2,11,505,-1,0
_home_joshua_ucPython_lib_python2_7_codecs_py,__repr__,424,405,-19,-0.19,1,2,0.015625,-0.22,0.03,0.25,2490.90909090909,-0.00762773722627737,1,1.5,0,0,0,6,5,0,1,6,1,2,0,10,4,0,0,0,3,154,-1,0
_home_joshua_ucPython_lib_python2_7_codecs_py,_buffer_decode,424,397,-27,-0.27,1,4,0.001225,-0.3,-0.23,0.07,2490.90909090909,-0.0108394160583942,1,0.75,0,0,0,2,0,0,0,6,0,0,0,0,0,0,0,0,3,84,-1,0
_home_joshua_ucPython_lib_python2_7_codecs_py,_buffer_encode,424,400,-24,-0.24,1,4,0.0001,-0.28,-0.26,0.02,2490.90909090909,-0.00963503649635036,1,0.75,0,0,0,2,0,0,0,6,0,0,0,0,0,0,0,0,3,84,-1,0
_home_joshua_ucPython_lib_python2_7_codecs_py,decode,3181,3044,-137,-1.37,1,2,0.0210130177514793,-0.41,0.13,0.54,2490.90909090909,-0.055,5,11,0,7,2,13,4,2,0,25,0,5,0,0,1,0,0,0,11,512,-5,0
_home_joshua_ucPython_lib_python2_7_codecs_py,encode,2969,2941,-28,-0.28,1,7,0.0174148760330579,-0.37,0.07,0.44,2490.90909090909,-0.0112408759124088,4,2.71428571428571,0,6,2,11,4,2,0,20,0,3,0,0,1,0,0,1,9,434,-4,0
_home_joshua_ucPython_lib_python2_7_codecs_py,getdecoder,844,775,-69,-0.69,1,9,0.383755555555555,-1.42,-0.05,1.37,2490.90909090909,-0.0277007299270073,1,0.222222222222222,0,0,0,4,0,1,0,8,0,1,0,0,0,0,0,0,0,120,0,0
_home_joshua_ucPython_lib_python2_7_codecs_py,getencoder,844,759,-85,-0.85,1,9,0.496822222222222,-1.61,-0.1,1.51,2490.90909090909,-0.0341240875912409,1,0.222222222222222,0,0,0,4,0,1,0,8,0,1,0,0,0,0,0,0,0,120,0,0
_home_joshua_ucPython_lib_python2_7_codecs_py,getincrementaldecoder,1477,1447,-30,-0.3,2,13,0.342980555555556,-1.45,0.48,1.93,2490.90909090909,-0.012043795620438,2,0.461538461538462,1,1,0,6,0,1,0,15,0,1,0,0,0,0,0,0,0,222,0,0
_home_joshua_ucPython_lib_python2_7_codecs_py,getincrementalencoder,1476,1439,-37,-0.37,2,13,0.394866666666667,-1.54,0.48,2.02,2490.90909090909,-0.0148540145985401,2,0.461538461538462,1,1,0,6,0,1,0,15,0,1,0,0,0,0,0,0,0,222,0,0
_home_joshua_ucPython_lib_python2_7_codecs_py,getreader,844,781,-63,-0.63,1,9,0.500022222222222,-1.54,0.05,1.59,2490.90909090909,-0.0252919708029197,1,0.222222222222222,0,0,0,4,0,1,0,8,0,1,0,0,0,0,0,0,0,125,0,0
_home_joshua_ucPython_lib_python2_7_codecs_py,getstate,2969,2813,-156,-1.56,1,3,0.027556,-0.4,0.12,0.52,2490.90909090909,-0.0626277372262774,4,5.33333333333333,0,0,0,12,2,2,0,9,4,1,0,0,0,0,0,0,2,215,-4,0
_home_joshua_ucPython_lib_python2_7_codecs_py,getwriter,845,777,-68,-0.68,1,9,0.406822222222222,-1.47,-0.04,1.43,2490.90909090909,-0.0272992700729927,1,0.222222222222222,0,0,0,4,0,1,0,8,0,1,0,0,0,0,0,0,0,125,0,0
_home_joshua_ucPython_lib_python2_7_codecs_py,iterdecode,2321,2284,-37,-0.37,4,17,0.197204,-1.35,0.47,1.82,2490.90909090909,-0.0148540145985401,4,0.823529411764706,2,4,0,10,2,1,0,16,0,3,0,0,2,0,0,0,5,309,0,0
_home_joshua_ucPython_lib_python2_7_codecs_py,iterencode,2320,2272,-48,-0.48,4,17,0.185964,-1.32,0.35,1.67,2490.90909090909,-0.0192700729927007,4,0.823529411764706,2,4,0,10,2,1,0,16,0,3,0,0,2,0,0,1,5,309,0,0
_home_joshua_ucPython_lib_python2_7_codecs_py,make_encoding_map,2110,2077,-33,-0.33,3,20,0.243111111111111,-1.44,0.49,1.93,2490.90909090909,-0.0132481751824818,4,0.7,2,3,4,4,1,1,0,14,0,1,2,0,0,0,0,0,1,224,-2,0
_home_joshua_ucPython_lib_python2_7_codecs_py,make_identity_dict,1478,1449,-29,-0.29,2,12,0.372913888888889,-1.47,0.5,1.97,2490.90909090909,-0.0116423357664234,2,0.5,0,2,2,4,0,1,0,4,0,1,2,0,0,0,0,-1,0,126,-2,0
_home_joshua_ucPython_lib_python2_7_codecs_py,next,2959,2897,-62,-0.62,1,6,0.0244632653061224,-0.34,0.17,0.51,2490.90909090909,-0.0248905109489051,4,4.33333333333333,1,3,0,14,7,6,0,22,0,3,0,0,0,0,0,0,2,495,-9,0
_home_joshua_ucPython_lib_python2_7_codecs_py,open,3587,3540,-47,-0.47,6,48,0.13133125,-1.37,0.35,1.72,2490.90909090909,-0.0188686131386861,7,0.5625,5,11,2,14,5,1,0,33,2,19,0,2,2,0,0,-1,10,610,0,0
_home_joshua_ucPython_lib_python2_7_codecs_py,read,9536,9446,-90,-0.9,1,5,0.0252584710743802,-0.39,0.21,0.6,2490.90909090909,-0.0361313868613139,23,27.8,13,17,8,30,31,1,7,44,9,2,0,0,1,0,0,0,12,1609,-10,0
_home_joshua_ucPython_lib_python2_7_codecs_py,readline,12499,12389,-110,-1.1,1,3,0.0165441438763377,-0.38,0.22,0.6,2490.90909090909,-0.0441605839416058,23,71,21,33,28,38,29,1,5,109,28,4,0,0,3,1,0,0,8,2222,-13,0
_home_joshua_ucPython_lib_python2_7_codecs_py,readlines,2324,2267,-57,-0.57,1,5,0.037069,-0.37,0.28,0.65,2490.90909090909,-0.0228832116788321,3,3.4,0,7,0,18,9,1,0,19,1,1,0,0,0,0,0,0,6,425,-8,0
_home_joshua_ucPython_lib_python2_7_codecs_py,reset,5506,5347,-159,-1.59,1,4,0.0341993055555556,-0.44,0.22,0.66,2490.90909090909,-0.0638321167883212,8,10,0,5,0,28,15,4,0,15,0,2,0,0,0,0,0,0,0,645,-16,0
_home_joshua_ucPython_lib_python2_7_codecs_py,seek,2963,2881,-82,-0.82,1,7,0.0273360946745562,-0.4,0.28,0.68,2490.90909090909,-0.0329197080291971,5,3.57142857142857,2,3,0,20,12,1,4,8,7,2,0,0,0,0,0,2,9,463,-5,0
_home_joshua_ucPython_lib_python2_7_codecs_py,setstate,1697,1620,-77,-0.77,1,3,0.0073984375,-0.31,-0.01,0.3,2490.90909090909,-0.0309124087591241,4,4,0,2,2,8,2,2,0,5,1,0,0,0,0,0,0,0,4,205,0,0
_home_joshua_ucPython_lib_python2_7_codecs_py,write,2115,2067,-48,-0.48,1,4,0.0584543209876543,-0.47,0.41,0.88,2490.90909090909,-0.0192700729927007,3,3.75,0,2,0,16,11,1,0,7,0,2,0,0,0,0,0,0,7,367,-9,0
_home_joshua_ucPython_lib_python2_7_codecs_py,writelines,2113,2032,-81,-0.81,1,5,0.0222543209876543,-0.32,0.14,0.46,2490.90909090909,-0.0325182481751825,3,3,0,2,0,18,7,1,0,20,0,5,0,0,0,0,0,0,5,359,-8,0
_home_joshua_ucPython_lib_python2_7_UserDict_py,DictMixin,8991,9243,252,2.52,2,94,34.2949994513032,-1.12,52.19,53.31,646.428571428571,0.389834254143646,44,1.90425531914894,9,10,30,96,15,0,1,104,5,7,0,12,4,1,0,2,25,2299,-2,1
_home_joshua_ucPython_lib_python2_7_UserDict_py,IterableUserDict,334,312,-22,-0.22,1,3,0.00542222222222222,-0.16,0.02,0.18,646.428571428571,-0.0340331491712707,2,1,0,0,0,6,1,0,0,3,0,0,0,2,0,0,0,0,0,86,0,0
_home_joshua_ucPython_lib_python2_7_UserDict_py,UserDict,8333,8217,-116,-1.16,1,75,0.00232078222222222,-0.17,0.19,0.36,646.428571428571,-0.179447513812155,42,1.90666666666667,14,16,16,114,51,0,0,104,1,4,6,28,4,1,0,2,29,2474,0,0
_home_joshua_ucPython_lib_python2_7_UserDict_py,__cmp__,1221,545,-676,-6.76,2,5,0.297515702479339,-1.12,0.04,1.16,646.428571428571,-1.04574585635359,6,4.8,4,1,0,22,5,0,0,16,1,0,0,4,0,0,0,2,7,368,0,0
_home_joshua_ucPython_lib_python2_7_UserDict_py,__contains__,444,428,-16,-0.16,1,2,0.00065,-0.08,-0.01,0.07,646.428571428571,-0.0247513812154696,2,3,0,0,0,6,2,0,0,7,0,0,0,4,0,0,0,0,2,127,-1,0
_home_joshua_ucPython_lib_python2_7_UserDict_py,__delitem__,111,112,1,0.01,1,1,0,0.01,0.01,0,646.428571428571,0.00154696132596685,1,1,0,0,2,2,1,0,0,3,0,0,0,2,0,0,0,0,1,50,0,0
_home_joshua_ucPython_lib_python2_7_UserDict_py,__getitem__,666,657,-9,-0.09,3,6,0.000558333333333333,-0.05,0.02,0.07,646.428571428571,-0.0139226519337017,3,2.16666666666667,2,0,2,8,5,0,0,14,0,2,0,10,0,0,0,1,3,225,0,0
_home_joshua_ucPython_lib_python2_7_UserDict_py,__init__,672,662,-10,-0.1,3,6,0.0118555555555556,-0.17,0.19,0.36,646.428571428571,-0.0154696132596685,3,2.16666666666667,2,2,0,8,3,0,0,6,0,0,2,2,1,0,0,3,2,177,0,0
_home_joshua_ucPython_lib_python2_7_UserDict_py,__iter__,556,525,-31,-0.31,1,2,0.006736,-0.16,0.05,0.21,646.428571428571,-0.0479558011049724,3,4.5,0,0,0,8,2,0,0,6,0,0,0,4,0,0,0,5,0,124,-1,0
_home_joshua_ucPython_lib_python2_7_UserDict_py,__len__,333,112,-221,-2.21,1,2,0.278755555555556,-1.11,0.01,1.12,646.428571428571,-0.341878453038674,2,2,0,0,0,10,2,0,0,4,0,0,0,4,0,0,0,0,0,97,-1,0
_home_joshua_ucPython_lib_python2_7_UserDict_py,__repr__,333,107,-226,-2.26,1,2,0.254422222222222,-1.11,-0.04,1.07,646.428571428571,-0.349613259668508,2,2,0,0,0,12,2,0,0,4,0,0,0,4,0,0,0,-3,0,112,0,0
_home_joshua_ucPython_lib_python2_7_UserDict_py,__setitem__,111,110,-1,-0.01,1,1,0,-0.01,-0.01,0,646.428571428571,-0.00154696132596685,1,1,0,1,2,2,1,0,0,1,0,0,0,2,0,0,0,-1,2,59,0,0
_home_joshua_ucPython_lib_python2_7_UserDict_py,clear,444,442,-2,-0.02,1,1,0.001275,-0.04,0.04,0.08,646.428571428571,-0.0030939226519337,3,7,0,0,2,8,3,0,0,5,0,0,0,0,0,0,0,1,0,114,0,0
_home_joshua_ucPython_lib_python2_7_UserDict_py,copy,1330,1320,-10,-0.1,2,12,0.00184722222222222,-0.08,0.07,0.15,646.428571428571,-0.0154696132596685,4,2.25,1,4,0,10,8,0,0,9,0,0,2,2,0,0,0,1,0,296,0,0
_home_joshua_ucPython_lib_python2_7_UserDict_py,fromkeys,666,651,-15,-0.15,2,6,0.000558333333333334,-0.07,0,0.07,646.428571428571,-0.0232044198895028,2,1.83333333333333,0,3,2,4,0,0,0,6,0,0,0,0,0,0,0,0,2,147,-1,0
_home_joshua_ucPython_lib_python2_7_UserDict_py,get,999,439,-560,-5.6,2,5,0.295217283950617,-1.11,0.01,1.12,646.428571428571,-0.866298342541436,5,3.8,1,2,4,4,0,0,0,14,0,0,0,0,0,0,0,-1,4,241,0,0
_home_joshua_ucPython_lib_python2_7_UserDict_py,has_key,775,767,-8,-0.08,1,1,0.00269795918367347,-0.13,0.03,0.16,646.428571428571,-0.0123756906077348,4,14,0,0,2,4,1,0,0,9,0,0,0,0,0,0,0,-1,2,178,0,0
_home_joshua_ucPython_lib_python2_7_UserDict_py,items,333,327,-6,-0.06,1,2,0.000266666666666667,-0.04,0,0.04,646.428571428571,-0.0092817679558011,2,2,0,0,0,10,3,0,0,5,0,0,0,0,0,0,0,0,0,102,0,0
_home_joshua_ucPython_lib_python2_7_UserDict_py,iteritems,445,434,-11,-0.11,1,1,0.00271875,-0.11,0.03,0.14,646.428571428571,-0.0170165745856354,3,7,0,0,2,8,2,0,0,6,0,0,0,0,0,0,0,1,1,129,0,0
_home_joshua_ucPython_lib_python2_7_UserDict_py,iterkeys,333,329,-4,-0.04,1,2,0.000955555555555556,-0.04,0.03,0.07,646.428571428571,-0.0061878453038674,2,2,0,0,0,8,3,0,0,4,0,0,0,2,0,0,0,-1,0,104,-1,0
_home_joshua_ucPython_lib_python2_7_UserDict_py,itervalues,445,427,-18,-0.18,1,1,0.002425,-0.11,0.02,0.13,646.428571428571,-0.0278453038674033,3,7,0,0,0,8,3,0,0,6,0,0,0,0,0,0,0,1,1,136,0,0
_home_joshua_ucPython_lib_python2_7_UserDict_py,keys,111,108,-3,-0.03,1,1,0,-0.03,-0.03,0,646.428571428571,-0.00464088397790055,1,1,0,0,0,4,2,0,0,2,0,0,0,0,0,0,0,-1,0,43,0,0
_home_joshua_ucPython_lib_python2_7_UserDict_py,pop,1553,5890,4337,43.37,1,2,185.64930255102,-1.11,52.19,53.3,646.428571428571,6.70917127071823,6,18.5,2,1,6,12,2,0,1,14,4,1,0,0,5,0,0,0,7,419,0,1
_home_joshua_ucPython_lib_python2_7_UserDict_py,popitem,1000,218,-782,-7.82,1,2,0.206454320987654,-1.12,0.03,1.15,646.428571428571,-1.20972375690608,4,9,0,1,2,12,3,0,0,11,0,2,0,0,0,0,0,0,3,249,0,0
_home_joshua_ucPython_lib_python2_7_UserDict_py,setdefault,1110,1087,-23,-0.23,2,6,0.001321,-0.09,0.04,0.13,646.428571428571,-0.0355801104972376,5,3.5,1,4,8,4,0,0,0,16,0,0,0,0,0,0,0,-1,4,287,0,0
_home_joshua_ucPython_lib_python2_7_UserDict_py,update,2889,1303,-1586,-15.86,7,12,0.2942,-1.12,0.04,1.16,646.428571428571,-2.45348066298343,16,5.66666666666667,10,6,10,32,11,0,0,32,0,6,2,0,2,1,0,3,12,856,0,0
_home_joshua_ucPython_lib_python2_7_UserDict_py,values,333,327,-6,-0.06,1,1,0.00286666666666667,-0.08,0.05,0.13,646.428571428571,-0.0092817679558011,2,4,0,0,2,8,3,0,0,6,0,0,0,0,0,0,0,-1,1,115,0,0
_home_joshua_ucPython_lib_python2_7_re_py,Scanner,6905,6868,-37,-0.37,4,35,0.00677335640138408,-0.19,0.15,0.34,1640,-0.0225609756097561,10,2.48571428571429,4,18,14,42,18,0,1,23,7,2,0,4,3,0,0,2,16,1083,0,0
_home_joshua_ucPython_lib_python2_7_re_py,__init__,2640,2611,-29,-0.29,2,14,0.00541301775147929,-0.15,0.08,0.23,1640,-0.0176829268292683,2,2.14285714285714,0,8,6,26,10,0,0,6,3,0,0,2,2,0,0,2,12,497,0,0
_home_joshua_ucPython_lib_python2_7_re_py,_compile,4693,4641,-52,-0.52,9,24,0.087654820415879,-1.15,0.75,1.9,1640,-0.0317073170731707,10,1.58333333333333,7,6,4,20,4,0,1,37,1,3,0,0,3,1,0,1,7,743,0,0
_home_joshua_ucPython_lib_python2_7_re_py,_compile_repl,2653,2611,-42,-0.42,4,14,0.175254437869822,-1.16,0.94,2.1,1640,-0.025609756097561,5,1.14285714285714,2,4,2,10,3,0,1,13,0,0,0,0,1,1,0,0,4,334,0,0
_home_joshua_ucPython_lib_python2_7_re_py,_expand,612,583,-29,-0.29,1,4,0.647266666666667,-1.13,0.84,1.97,1640,-0.0176829268292683,1,0.5,0,1,0,6,2,0,0,4,0,0,0,0,0,0,0,0,4,149,0,0
_home_joshua_ucPython_lib_python2_7_re_py,_pickle,406,284,-122,-1.22,1,2,0.2116,-1.07,-0.15,0.92,1640,-0.074390243902439,1,0.5,0,0,0,4,2,0,0,2,0,0,0,0,0,0,0,1,2,56,0,0
_home_joshua_ucPython_lib_python2_7_re_py,_subx,1424,1398,-26,-0.26,3,9,0.294812244897959,-1.2,0.79,1.99,1640,-0.0158536585365854,3,0.888888888888889,1,2,8,10,1,0,1,9,5,0,0,0,0,0,0,0,4,269,0,0
_home_joshua_ucPython_lib_python2_7_re_py,compile,612,586,-26,-0.26,1,3,0.125955555555556,-0.48,0.38,0.86,1640,-0.0158536585365854,1,0.666666666666667,0,1,0,4,0,0,0,4,1,1,0,0,0,0,0,-1,3,136,0,0
_home_joshua_ucPython_lib_python2_7_re_py,escape,2243,2229,-14,-0.14,4,11,0.0400380165289256,-0.52,0.29,0.81,1640,-0.00853658536585366,6,1.90909090909091,3,4,6,8,0,0,1,12,3,5,0,0,2,0,0,0,1,320,0,0
_home_joshua_ucPython_lib_python2_7_re_py,findall,817,760,-57,-0.57,1,9,0.269422222222222,-1.17,0.01,1.18,1640,-0.0347560975609756,1,0.222222222222222,0,1,0,6,0,1,0,10,1,1,0,0,1,0,0,0,3,155,-1,0
_home_joshua_ucPython_lib_python2_7_re_py,finditer,816,907,91,0.91,1,6,0.224288888888889,-0.32,0.84,1.16,1640,0.0554878048780488,1,0.833333333333333,0,1,0,6,0,1,0,9,1,1,0,0,1,0,0,1,3,168,-1,0
_home_joshua_ucPython_lib_python2_7_re_py,match,815,767,-48,-0.48,1,4,0.474066666666667,-1.36,0.27,1.63,1640,-0.0292682926829268,1,0.5,0,1,0,6,0,1,0,7,1,1,0,0,0,0,0,1,4,154,0,0
_home_joshua_ucPython_lib_python2_7_re_py,purge,815,799,-16,-0.16,1,4,0.1001,-0.49,0.33,0.82,1640,-0.00975609756097561,1,0.75,0,0,0,6,2,0,0,1,0,1,0,0,0,0,0,0,0,93,0,0
_home_joshua_ucPython_lib_python2_7_re_py,scan,4063,4074,11,0.11,6,20,0.00560475,-0.1,0.15,0.25,1640,0.00670731707317073,7,2.85,4,10,8,16,8,0,1,16,4,2,0,2,1,0,0,0,4,572,-1,0
_home_joshua_ucPython_lib_python2_7_re_py,search,814,769,-45,-0.45,1,4,0.314022222222222,-1.19,0.12,1.31,1640,-0.0274390243902439,1,0.5,0,1,0,6,0,1,0,9,1,1,0,0,0,0,0,0,4,159,0,0
_home_joshua_ucPython_lib_python2_7_re_py,split,816,750,-66,-0.66,1,4,0.328866666666667,-1.34,-0.09,1.25,1640,-0.0402439024390244,1,0.5,0,2,0,6,0,1,0,5,2,1,0,0,0,0,0,0,6,172,0,0
_home_joshua_ucPython_lib_python2_7_re_py,sub,818,770,-48,-0.48,1,8,0.285088888888889,-1.12,0.11,1.23,1640,-0.0292682926829268,1,0.25,0,2,0,6,0,1,0,7,2,1,0,0,0,0,0,0,7,168,0,0
_home_joshua_ucPython_lib_python2_7_re_py,subn,814,760,-54,-0.54,1,10,0.347755555555556,-1.28,0.07,1.35,1640,-0.0329268292682927,1,0.2,0,2,0,8,0,1,0,7,3,1,0,0,1,0,0,0,8,167,0,0
_home_joshua_ucPython_lib_python2_7_re_py,template,612,571,-41,-0.41,1,3,0.131488888888889,-0.52,0.35,0.87,1640,-0.025,1,0.666666666666667,0,1,0,4,0,0,0,4,1,1,0,0,0,0,0,0,3,128,0,0
_home_joshua_ucPython_lib_python2_7_copy_reg_py,__newobj__,317,200,-117,-1.17,1,2,0.198025,-1.03,-0.14,0.89,1836.36363636364,-0.0637128712871287,1,0.5,0,0,0,4,1,0,0,2,0,0,0,4,2,0,0,-1,2,61,0,0
_home_joshua_ucPython_lib_python2_7_copy_reg_py,_reconstructor,1273,1241,-32,-0.32,3,8,0.0095,-0.18,0.11,0.29,1836.36363636364,-0.0174257425742574,4,1.5,3,2,0,8,5,0,1,10,0,0,0,10,0,0,0,0,4,234,0,0
_home_joshua_ucPython_lib_python2_7_copy_reg_py,_reduce_ex,4769,4629,-140,-1.4,13,30,0.0673155555555555,-0.96,0.85,1.81,1836.36363636364,-0.0762376237623762,15,1.9,9,8,0,14,8,0,1,44,1,9,0,24,3,1,0,2,10,932,0,0
_home_joshua_ucPython_lib_python2_7_copy_reg_py,_slotnames,4292,4237,-55,-0.55,11,46,0.032332100591716,-0.85,0.23,1.08,1836.36363636364,-0.029950495049505,13,1.56521739130435,9,5,4,22,11,1,0,36,0,20,0,26,2,0,0,0,5,878,-4,0
_home_joshua_ucPython_lib_python2_7_copy_reg_py,add_extension,2704,2581,-123,-1.23,6,17,0.0310768166089965,-0.43,0.37,0.8,1836.36363636364,-0.066980198019802,5,1.82352941176471,4,4,8,20,2,2,4,45,2,6,0,0,4,1,0,1,6,730,0,0
_home_joshua_ucPython_lib_python2_7_copy_reg_py,clear_extension_cache,316,214,-102,-1.02,1,2,0.1444,-0.89,-0.13,0.76,1836.36363636364,-0.0555445544554455,1,0.5,0,0,0,4,1,0,0,1,0,0,0,0,0,0,0,-1,0,56,0,0
_home_joshua_ucPython_lib_python2_7_copy_reg_py,constructor,479,438,-41,-0.41,2,3,0.0150888888888889,-0.28,0.02,0.3,1836.36363636364,-0.0223267326732673,2,1,1,0,0,6,0,0,0,7,0,3,0,2,0,0,0,0,1,119,0,0
_home_joshua_ucPython_lib_python2_7_copy_reg_py,pickle,1278,1231,-47,-0.47,4,12,0.0108734375,-0.23,0.09,0.32,1836.36363636364,-0.0255940594059406,4,0.833333333333333,3,2,2,12,0,0,0,23,0,4,0,2,0,0,0,2,3,390,-2,0
_home_joshua_ucPython_lib_python2_7_copy_reg_py,pickle_complex,318,289,-29,-0.29,1,2,0.003025,-0.2,-0.09,0.11,1836.36363636364,-0.0157920792079208,1,1.5,0,0,0,4,2,0,0,2,0,0,0,0,0,0,0,2,2,66,-1,0
_home_joshua_ucPython_lib_python2_7_copy_reg_py,remove_extension,1748,1661,-87,-0.87,4,11,0.0327355371900827,-0.43,0.23,0.66,1836.36363636364,-0.0473762376237624,3,1.63636363636364,2,1,6,14,2,2,2,27,0,3,0,0,2,0,0,1,4,448,0,0
_home_joshua_ucPython_lib_python2_7_genericpath_py,_splitext,2477,2453,-24,-0.24,5,21,0.0922061224489796,-1,0.37,1.37,1060,-0.0226415094339623,7,1.14285714285714,3,6,6,10,3,1,3,11,2,3,0,0,1,0,0,0,6,473,-3,0
_home_joshua_ucPython_lib_python2_7_genericpath_py,commonprefix,1488,1471,-17,-0.17,4,9,0.0727654320987655,-0.63,0.38,1.01,1060,-0.0160377358490566,5,1.22222222222222,2,2,4,8,0,0,1,13,6,3,0,0,0,0,0,0,2,240,0,0
_home_joshua_ucPython_lib_python2_7_genericpath_py,exists,1160,1132,-28,-0.28,2,7,0.0457428571428571,-0.47,0.26,0.73,1060,-0.0264150943396226,3,1.14285714285714,0,0,0,4,2,2,0,10,0,1,0,0,0,0,0,-1,0,179,0,0
_home_joshua_ucPython_lib_python2_7_genericpath_py,getatime,497,462,-35,-0.35,1,3,0.0878222222222222,-0.45,0.27,0.72,1060,-0.0330188679245283,1,0.666666666666667,0,0,0,6,2,2,0,3,0,1,0,0,0,0,0,0,1,131,0,0
_home_joshua_ucPython_lib_python2_7_genericpath_py,getctime,496,462,-34,-0.34,1,3,0.0838888888888889,-0.43,0.27,0.7,1060,-0.0320754716981132,1,0.666666666666667,0,0,0,6,2,2,0,3,0,1,0,0,0,0,0,0,1,135,0,0
_home_joshua_ucPython_lib_python2_7_genericpath_py,getmtime,499,467,-32,-0.32,1,3,0.0828222222222222,-0.41,0.28,0.69,1060,-0.030188679245283,1,0.666666666666667,1,0,0,6,2,2,0,4,0,1,0,0,0,0,0,0,1,137,0,0
_home_joshua_ucPython_lib_python2_7_genericpath_py,getsize,502,471,-31,-0.31,1,3,0.137222222222222,-0.52,0.38,0.9,1060,-0.0292452830188679,1,0.666666666666667,0,0,0,6,2,2,0,3,0,1,0,0,0,0,0,0,1,117,0,0
_home_joshua_ucPython_lib_python2_7_genericpath_py,isdir,1161,1123,-38,-0.38,2,7,0.0442530612244898,-0.43,0.29,0.72,1060,-0.0358490566037736,3,1.14285714285714,1,1,0,6,4,2,0,11,0,1,0,0,0,0,0,0,0,189,0,0
_home_joshua_ucPython_lib_python2_7_genericpath_py,isfile,1159,1118,-41,-0.41,2,7,0.0537265306122449,-0.46,0.36,0.82,1060,-0.0386792452830189,3,1.14285714285714,0,1,0,6,4,2,0,8,0,1,0,0,0,0,0,0,0,173,0,0
_home_joshua_ucPython_lib_python2_7_sre_compile_py,_code,861,851,-10,-0.1,1,14,0.122763265306122,-0.75,0.56,1.31,4358.33333333333,-0.00229445506692161,1,0.428571428571429,0,2,4,8,4,0,0,3,0,0,0,0,0,0,0,0,5,182,-5,0
_home_joshua_ucPython_lib_python2_7_sre_compile_py,_compile,17606,17530,-76,-0.76,36,145,0.00824497619519937,-0.69,0.45,1.14,4358.33333333333,-0.0174378585086042,47,3.22758620689655,41,36,140,200,7,0,2,81,44,4,0,0,31,3,0,3,35,5054,0,0
_home_joshua_ucPython_lib_python2_7_sre_compile_py,_compile_charset,3348,3285,-63,-0.63,11,28,0.0353418381344308,-0.77,0.56,1.33,4358.33333333333,-0.0144550669216061,14,2.28571428571429,11,3,18,30,3,0,0,27,2,1,0,0,2,0,0,-2,6,846,0,0
_home_joshua_ucPython_lib_python2_7_sre_compile_py,_compile_info,11069,10976,-93,-0.93,35,105,0.0157788765432099,-0.81,0.64,1.45,4358.33333333333,-0.0213384321223709,39,2.68571428571429,31,30,60,68,12,0,9,72,31,1,0,0,17,4,0,0,14,2781,-1,0
_home_joshua_ucPython_lib_python2_7_sre_compile_py,_identityfunction,248,156,-92,-0.92,1,2,0.1764,-0.88,-0.04,0.84,4358.33333333333,-0.0211089866156788,1,0.5,0,0,0,2,0,0,0,2,0,0,0,0,0,0,0,0,0,37,0,0
_home_joshua_ucPython_lib_python2_7_sre_compile_py,_mk_bitmap,1984,1963,-21,-0.21,5,16,0.048058984375,-0.67,0.53,1.2,4358.33333333333,-0.00481835564053537,6,1.625,4,8,2,8,2,0,2,8,5,0,0,0,2,0,0,0,4,315,0,0
_home_joshua_ucPython_lib_python2_7_sre_compile_py,_optimize_charset,5458,5403,-55,-0.55,17,50,0.0256140495867769,-0.8,0.53,1.33,4358.33333333333,-0.0126195028680688,20,2.02,13,15,14,46,2,0,4,35,15,0,0,0,5,1,0,0,12,1152,0,0
_home_joshua_ucPython_lib_python2_7_sre_compile_py,_optimize_unicode,5810,5749,-61,-0.61,16,52,0.00634748755092802,-0.2,0.26,0.46,4358.33333333333,-0.0139961759082218,20,1.73076923076923,9,22,28,32,8,0,4,49,22,6,2,0,9,1,0,0,7,1316,0,0
_home_joshua_ucPython_lib_python2_7_sre_compile_py,_simple,369,355,-14,-0.14,2,4,0.281866666666667,-0.72,0.58,1.3,4358.33333333333,-0.00321223709369025,1,0.5,0,1,8,4,0,0,3,3,5,0,0,0,0,0,0,0,1,99,0,0
_home_joshua_ucPython_lib_python2_7_sre_compile_py,compile,2336,2102,-234,-2.34,4,29,0.15043950617284,-1.45,0.45,1.9,4358.33333333333,-0.0536902485659656,5,0.931034482758621,3,8,4,13,13,0,1,17,3,0,0,0,2,0,0,1,9,494,-2,0
_home_joshua_ucPython_lib_python2_7_sre_compile_py,isstring,615,595,-20,-0.2,3,5,0.00256,-0.1,0.02,0.12,4358.33333333333,-0.00458891013384321,3,1.4,1,0,0,4,0,0,0,10,2,0,0,0,0,0,0,0,1,108,0,0
